Row ID,Order ID,Order Date,On Truck Scan Date,Ship Mode,Ready to Ship Date,Pickup Date,Arrival Scan Date,processing_time,ship_delay,transit_time,total_lead_time,truck_dow,order_month
3074,CA-2019-125206,2019-01-03,2019-01-07,Express,,,,,,,,Monday,2019-01
4919,CA-2019-160304,2019-01-02,2019-01-09,Standard Processing,,,,,,,,Wednesday,2019-01
8604,US-2019-116365,2019-01-03,2019-01-09,Standard Processing,,,,,,,,Wednesday,2019-01
9494,CA-2019-105207,2019-01-03,2019-01-09,Standard Processing,,,,,,,,Wednesday,2019-01
5868,CA-2019-158211,2019-01-04,2019-01-09,Standard Processing,,,,,,,,Wednesday,2019-01
863,CA-2019-134474,2019-01-05,2019-01-11,Standard Processing,,,,,,,,Friday,2019-01
2898,US-2019-164630,2019-01-04,2019-01-11,Standard Processing,,,,,,,,Friday,2019-01
8031,CA-2019-158806,2019-01-07,2019-01-14,Standard Processing,,,,,,,,Monday,2019-01
3236,CA-2019-140746,2019-01-15,2019-01-16,Express,,,,,,,,Wednesday,2019-01
3702,CA-2019-126543,2019-01-09,2019-01-16,Standard Processing,,,,,,,,Wednesday,2019-01
6970,CA-2019-163937,2019-01-10,2019-01-16,Standard Processing,,,,,,,,Wednesday,2019-01
1026,CA-2019-126529,2019-01-11,2019-01-16,Standard Processing,,,,,,,,Wednesday,2019-01
2162,CA-2019-101938,2019-01-07,2019-01-16,Standard Processing,,,,,,,,Wednesday,2019-01
6851,US-2019-100461,2019-01-08,2019-01-16,Standard Processing,,,,,,,,Wednesday,2019-01
7808,US-2019-137295,2019-01-08,2019-01-16,Standard Processing,,,,,,,,Wednesday,2019-01
3209,CA-2019-108882,2019-01-09,2019-01-16,Standard Processing,,,,,,,,Wednesday,2019-01
8522,CA-2019-141887,2019-01-11,2019-01-16,Standard Processing,,,,,,,,Wednesday,2019-01
5968,CA-2019-166912,2019-01-15,2019-01-18,Express,,,,,,,,Friday,2019-01
4667,CA-2019-116547,2019-01-10,2019-01-18,Standard Processing,,,,,,,,Friday,2019-01
26,CA-2019-121755,2019-01-16,2019-01-23,Standard Processing,,,,,,,,Wednesday,2019-01
7269,CA-2019-133368,2019-01-14,2019-01-23,Standard Processing,,,,,,,,Wednesday,2019-01
2878,CA-2019-152072,2019-01-15,2019-01-23,Standard Processing,,,,,,,,Wednesday,2019-01
3742,CA-2019-137848,2019-01-15,2019-01-23,Standard Processing,,,,,,,,Wednesday,2019-01
876,CA-2019-116736,2019-01-17,2019-01-23,Standard Processing,,,,,,,,Wednesday,2019-01
2303,CA-2019-106558,2019-01-17,2019-01-23,Standard Processing,,,,,,,,Wednesday,2019-01
2876,US-2019-167339,2019-01-21,2019-01-25,Standard Processing,,,,,,,,Friday,2019-01
4327,CA-2019-153346,2019-01-25,2019-01-28,Express,,,,,,,,Monday,2019-01
4612,CA-2019-109407,2019-01-24,2019-01-30,Standard Processing,,,,,,,,Wednesday,2019-01
9358,CA-2019-168046,2019-01-25,2019-01-30,Standard Processing,,,,,,,,Wednesday,2019-01
268,CA-2019-111010,2019-01-22,2019-01-30,Standard Processing,,,,,,,,Wednesday,2019-01
2471,US-2019-135923,2019-01-22,2019-01-30,Standard Processing,,,,,,,,Wednesday,2019-01
2694,CA-2019-138079,2019-01-22,2019-01-30,Standard Processing,,,,,,,,Wednesday,2019-01
5675,CA-2019-146318,2019-01-22,2019-01-30,Standard Processing,,,,,,,,Wednesday,2019-01
5752,CA-2019-125850,2019-01-22,2019-01-30,Standard Processing,,,,,,,,Wednesday,2019-01
6229,CA-2019-148208,2019-01-22,2019-01-30,Standard Processing,,,,,,,,Wednesday,2019-01
6238,US-2019-155180,2019-01-22,2019-01-30,Standard Processing,,,,,,,,Wednesday,2019-01
7294,CA-2019-113656,2019-01-23,2019-01-30,Standard Processing,,,,,,,,Wednesday,2019-01
9147,US-2019-165505,2019-01-23,2019-01-30,Standard Processing,,,,,,,,Wednesday,2019-01
7290,CA-2019-153661,2019-01-30,2019-02-01,Express,,,,,,,,Friday,2019-01
3242,US-2019-140809,2019-02-01,2019-02-04,Express,,,,,,,,Monday,2019-02
8613,CA-2019-146437,2019-01-28,2019-02-04,Standard Processing,,,,,,,,Monday,2019-01
7565,US-2019-166660,2019-01-30,2019-02-04,Standard Processing,,,,,,,,Monday,2019-01
1383,US-2019-108504,2019-02-05,2019-02-06,Express,,,,,,,,Wednesday,2019-02
5114,CA-2019-147970,2019-01-31,2019-02-06,Standard Processing,,,,,,,,Wednesday,2019-01
7505,CA-2019-158043,2019-01-31,2019-02-06,Standard Processing,,,,,,,,Wednesday,2019-01
2885,CA-2019-164483,2019-01-30,2019-02-06,Standard Processing,,,,,,,,Wednesday,2019-01
8176,CA-2019-114944,2019-01-30,2019-02-06,Standard Processing,,,,,,,,Wednesday,2019-01
8925,CA-2019-168032,2019-01-30,2019-02-06,Standard Processing,,,,,,,,Wednesday,2019-01
4999,CA-2019-129238,2019-01-31,2019-02-06,Standard Processing,,,,,,,,Wednesday,2019-01
5614,CA-2019-147431,2019-02-02,2019-02-06,Standard Processing,,,,,,,,Wednesday,2019-02
8513,CA-2019-144645,2019-02-02,2019-02-06,Standard Processing,,,,,,,,Wednesday,2019-02
1729,CA-2019-106894,2019-02-07,2019-02-08,Express,,,,,,,,Friday,2019-02
8489,CA-2019-158841,2019-02-02,2019-02-08,Standard Processing,,,,,,,,Friday,2019-02
8761,CA-2019-159891,2019-01-31,2019-02-08,Standard Processing,,,,,,,,Friday,2019-01
8404,CA-2019-154067,2019-02-01,2019-02-08,Standard Processing,,,,,,,,Friday,2019-02
2696,CA-2019-161662,2019-02-07,2019-02-11,Express,,,,,,,,Monday,2019-02
6043,CA-2019-117912,2019-02-04,2019-02-11,Standard Processing,,,,,,,,Monday,2019-02
1809,CA-2019-164938,2019-02-11,2019-02-13,Express,,,,,,,,Wednesday,2019-02
9115,CA-2019-135461,2019-02-07,2019-02-13,Standard Processing,,,,,,,,Wednesday,2019-02
1828,CA-2019-109344,2019-02-08,2019-02-13,Standard Processing,,,,,,,,Wednesday,2019-02
5754,CA-2019-118514,2019-02-03,2019-02-13,Standard Processing,,,,,,,,Wednesday,2019-02
9068,CA-2019-150077,2019-02-04,2019-02-13,Standard Processing,,,,,,,,Wednesday,2019-02
9521,CA-2019-101189,2019-02-04,2019-02-13,Standard Processing,,,,,,,,Wednesday,2019-02
8142,CA-2019-100993,2019-02-05,2019-02-13,Standard Processing,,,,,,,,Wednesday,2019-02
5810,CA-2019-125017,2019-02-06,2019-02-13,Standard Processing,,,,,,,,Wednesday,2019-02
7194,CA-2019-110492,2019-02-12,2019-02-15,Express,,,,,,,,Friday,2019-02
7811,CA-2019-134334,2019-02-14,2019-02-15,Express,,,,,,,,Friday,2019-02
8383,CA-2019-163048,2019-02-08,2019-02-19,Standard Processing,,,,,,,,Tuesday,2019-02
8842,US-2019-112396,2019-02-09,2019-02-19,Standard Processing,,,,,,,,Tuesday,2019-02
721,CA-2019-112942,2019-02-13,2019-02-20,Standard Processing,,,,,,,,Wednesday,2019-02
8172,CA-2019-146150,2019-02-14,2019-02-20,Standard Processing,,,,,,,,Wednesday,2019-02
9079,CA-2019-108105,2019-02-16,2019-02-20,Standard Processing,,,,,,,,Wednesday,2019-02
9013,CA-2019-121447,2019-02-21,2019-02-22,Express,,,,,,,,Friday,2019-02
7538,CA-2019-106460,2019-02-19,2019-02-25,Standard Processing,,,,,,,,Monday,2019-02
1243,US-2019-162859,2019-02-15,2019-02-25,Standard Processing,,,,,,,,Monday,2019-02
1821,CA-2019-168956,2019-02-16,2019-02-25,Standard Processing,,,,,,,,Monday,2019-02
8161,CA-2019-134138,2019-02-16,2019-02-25,Standard Processing,,,,,,,,Monday,2019-02
9722,CA-2019-105781,2019-02-16,2019-02-25,Standard Processing,,,,,,,,Monday,2019-02
4777,CA-2019-101630,2019-02-19,2019-02-27,Standard Processing,,,,,,,,Wednesday,2019-02
2989,CA-2019-139010,2019-02-21,2019-02-27,Standard Processing,,,,,,,,Wednesday,2019-02
854,CA-2019-123274,2019-02-19,2019-02-27,Standard Processing,,,,,,,,Wednesday,2019-02
5306,US-2019-168410,2019-02-21,2019-02-27,Standard Processing,,,,,,,,Wednesday,2019-02
8277,US-2019-139262,2019-02-21,2019-02-27,Standard Processing,,,,,,,,Wednesday,2019-02
5405,US-2019-143280,2019-02-22,2019-02-27,Standard Processing,,,,,,,,Wednesday,2019-02
1579,CA-2019-102456,2019-02-27,2019-03-01,Express,,,,,,,,Friday,2019-02
2742,CA-2019-165015,2019-02-25,2019-03-01,Standard Processing,,,,,,,,Friday,2019-02
3456,CA-2019-166485,2019-02-20,2019-03-01,Standard Processing,,,,,,,,Friday,2019-02
2345,CA-2019-119025,2019-02-22,2019-03-01,Standard Processing,,,,,,,,Friday,2019-02
4748,CA-2019-120005,2019-03-03,2019-03-04,Express,,,,,,,,Monday,2019-03
4555,CA-2019-101448,2019-02-27,2019-03-04,Standard Processing,,,,,,,,Monday,2019-02
6237,CA-2019-144400,2019-02-23,2019-03-04,Standard Processing,,,,,,,,Monday,2019-02
7848,CA-2019-128706,2019-02-27,2019-03-06,Standard Processing,,,,,,,,Wednesday,2019-02
3758,CA-2019-111283,2019-02-28,2019-03-06,Standard Processing,,,,,,,,Wednesday,2019-02
1083,US-2019-143819,2019-03-01,2019-03-06,Standard Processing,,,,,,,,Wednesday,2019-03
3756,CA-2019-116799,2019-03-03,2019-03-08,Express,,,,,,,,Friday,2019-03
1705,CA-2019-106306,2019-03-08,2019-03-08,Express,,,,,,,,Friday,2019-03
9063,CA-2019-101623,2019-02-28,2019-03-08,Standard Processing,,,,,,,,Friday,2019-02
9698,CA-2019-122511,2019-03-11,2019-03-11,Express,,,,,,,,Monday,2019-03
3265,CA-2019-122518,2019-03-04,2019-03-11,Standard Processing,,,,,,,,Monday,2019-03
3953,US-2019-151862,2019-03-01,2019-03-11,Standard Processing,,,,,,,,Monday,2019-03
4215,CA-2019-164637,2019-03-04,2019-03-11,Standard Processing,,,,,,,,Monday,2019-03
9750,CA-2019-158358,2019-03-04,2019-03-11,Standard Processing,,,,,,,,Monday,2019-03
6014,CA-2019-159016,2019-03-10,2019-03-13,Express,,,,,,,,Wednesday,2019-03
45,CA-2019-118255,2019-03-11,2019-03-13,Express,,,,,,,,Wednesday,2019-03
3887,CA-2019-167759,2019-03-03,2019-03-13,Standard Processing,,,,,,,,Wednesday,2019-03
3091,CA-2019-112123,2019-03-03,2019-03-13,Standard Processing,,,,,,,,Wednesday,2019-03
4003,CA-2019-145730,2019-03-03,2019-03-13,Standard Processing,,,,,,,,Wednesday,2019-03
5199,CA-2019-103982,2019-03-03,2019-03-13,Standard Processing,,,,,,,,Wednesday,2019-03
2607,CA-2019-154053,2019-03-04,2019-03-13,Standard Processing,,,,,,,,Wednesday,2019-03
919,CA-2019-165218,2019-03-05,2019-03-13,Standard Processing,,,,,,,,Wednesday,2019-03
8443,US-2019-155173,2019-03-06,2019-03-13,Standard Processing,,,,,,,,Wednesday,2019-03
8982,CA-2019-110898,2019-03-06,2019-03-13,Standard Processing,,,,,,,,Wednesday,2019-03
839,US-2019-137547,2019-03-07,2019-03-13,Standard Processing,,,,,,,,Wednesday,2019-03
6417,CA-2019-111976,2019-03-08,2019-03-13,Standard Processing,,,,,,,,Wednesday,2019-03
7234,CA-2019-137337,2019-03-08,2019-03-13,Standard Processing,,,,,,,,Wednesday,2019-03
8506,CA-2019-130400,2019-03-08,2019-03-13,Standard Processing,,,,,,,,Wednesday,2019-03
8332,CA-2019-153269,2019-03-09,2019-03-15,Express,,,,,,,,Friday,2019-03
8100,CA-2019-169663,2019-03-10,2019-03-15,Express,,,,,,,,Friday,2019-03
1047,CA-2019-169103,2019-03-08,2019-03-15,Standard Processing,,,,,,,,Friday,2019-03
8812,US-2019-140172,2019-03-08,2019-03-15,Standard Processing,,,,,,,,Friday,2019-03
152,CA-2019-158834,2019-03-13,2019-03-18,Express,,,,,,,,Monday,2019-03
3929,CA-2019-162082,2019-03-14,2019-03-18,Express,,,,,,,,Monday,2019-03
4259,CA-2019-124793,2019-03-14,2019-03-18,Express,,,,,,,,Monday,2019-03
7648,CA-2019-138968,2019-03-15,2019-03-18,Express,,,,,,,,Monday,2019-03
3737,CA-2019-115476,2019-03-17,2019-03-18,Express,,,,,,,,Monday,2019-03
4400,CA-2019-131737,2019-03-17,2019-03-18,Express,,,,,,,,Monday,2019-03
9412,CA-2019-108959,2019-03-10,2019-03-18,Standard Processing,,,,,,,,Monday,2019-03
5957,CA-2019-127138,2019-03-12,2019-03-18,Standard Processing,,,,,,,,Monday,2019-03
5884,CA-2019-136301,2019-03-13,2019-03-18,Standard Processing,,,,,,,,Monday,2019-03
7415,US-2019-114013,2019-03-13,2019-03-18,Standard Processing,,,,,,,,Monday,2019-03
8160,CA-2019-120803,2019-03-09,2019-03-18,Standard Processing,,,,,,,,Monday,2019-03
4063,US-2019-122182,2019-03-10,2019-03-18,Standard Processing,,,,,,,,Monday,2019-03
1462,US-2019-128902,2019-03-11,2019-03-18,Standard Processing,,,,,,,,Monday,2019-03
2759,CA-2019-146171,2019-03-11,2019-03-18,Standard Processing,,,,,,,,Monday,2019-03
3607,CA-2019-119683,2019-03-12,2019-03-20,Standard Processing,,,,,,,,Wednesday,2019-03
1876,US-2019-112977,2019-03-10,2019-03-20,Standard Processing,,,,,,,,Wednesday,2019-03
804,CA-2019-115504,2019-03-12,2019-03-20,Standard Processing,,,,,,,,Wednesday,2019-03
8480,US-2019-119270,2019-03-12,2019-03-20,Standard Processing,,,,,,,,Wednesday,2019-03
2346,CA-2019-159373,2019-03-13,2019-03-20,Standard Processing,,,,,,,,Wednesday,2019-03
2364,US-2019-108637,2019-03-13,2019-03-20,Standard Processing,,,,,,,,Wednesday,2019-03
9343,CA-2019-119123,2019-03-13,2019-03-20,Standard Processing,,,,,,,,Wednesday,2019-03
1693,US-2019-154361,2019-03-14,2019-03-20,Standard Processing,,,,,,,,Wednesday,2019-03
8934,CA-2019-102134,2019-03-14,2019-03-20,Standard Processing,,,,,,,,Wednesday,2019-03
1615,US-2019-113509,2019-03-15,2019-03-20,Standard Processing,,,,,,,,Wednesday,2019-03
9169,CA-2019-140571,2019-03-15,2019-03-20,Standard Processing,,,,,,,,Wednesday,2019-03
9920,CA-2019-149272,2019-03-15,2019-03-20,Standard Processing,,,,,,,,Wednesday,2019-03
7695,CA-2019-118899,2019-03-22,2019-03-22,Express,,,,,,,,Friday,2019-03
8382,CA-2019-134544,2019-03-17,2019-03-22,Standard Processing,,,,,,,,Friday,2019-03
495,US-2019-120929,2019-03-18,2019-03-22,Standard Processing,,,,,,,,Friday,2019-03
6474,CA-2019-113292,2019-03-18,2019-03-22,Standard Processing,,,,,,,,Friday,2019-03
2226,CA-2019-106383,2019-03-19,2019-03-22,Standard Processing,,,,,,,,Friday,2019-03
2853,CA-2019-136371,2019-03-19,2019-03-22,Standard Processing,,,,,,,,Friday,2019-03
6116,CA-2019-133802,2019-03-14,2019-03-22,Standard Processing,,,,,,,,Friday,2019-03
1672,CA-2019-107615,2019-03-22,2019-03-25,Express,,,,,,,,Monday,2019-03
3371,CA-2019-134887,2019-03-25,2019-03-25,Express,,,,,,,,Monday,2019-03
749,CA-2019-150889,2019-03-20,2019-03-25,Standard Processing,,,,,,,,Monday,2019-03
4229,CA-2019-113803,2019-03-24,2019-03-27,Express,,,,,,,,Wednesday,2019-03
3159,US-2019-162677,2019-03-26,2019-03-27,Express,,,,,,,,Wednesday,2019-03
3312,CA-2019-162747,2019-03-20,2019-03-27,Standard Processing,,,,,,,,Wednesday,2019-03
2394,CA-2019-128111,2019-03-17,2019-03-27,Standard Processing,,,,,,,,Wednesday,2019-03
9177,CA-2019-118178,2019-03-19,2019-03-27,Standard Processing,,,,,,,,Wednesday,2019-03
589,US-2019-156986,2019-03-20,2019-03-27,Standard Processing,,,,,,,,Wednesday,2019-03
1041,CA-2019-127670,2019-03-20,2019-03-27,Standard Processing,,,,,,,,Wednesday,2019-03
3766,CA-2019-163153,2019-03-21,2019-03-27,Standard Processing,,,,,,,,Wednesday,2019-03
9130,CA-2019-130911,2019-03-24,2019-03-29,Standard Processing,,,,,,,,Friday,2019-03
7931,CA-2019-120082,2019-03-25,2019-03-29,Standard Processing,,,,,,,,Friday,2019-03
9018,CA-2019-161361,2019-03-26,2019-03-29,Standard Processing,,,,,,,,Friday,2019-03
3172,US-2019-133879,2019-03-21,2019-03-29,Standard Processing,,,,,,,,Friday,2019-03
1352,CA-2019-162901,2019-03-28,2019-04-01,Express,,,,,,,,Monday,2019-03
3030,US-2019-164189,2019-03-24,2019-04-01,Standard Processing,,,,,,,,Monday,2019-03
1328,CA-2019-128258,2019-03-30,2019-04-03,Express,,,,,,,,Wednesday,2019-03
8572,CA-2019-162222,2019-04-03,2019-04-03,Express,,,,,,,,Wednesday,2019-04
7158,CA-2019-131380,2019-03-28,2019-04-03,Standard Processing,,,,,,,,Wednesday,2019-03
3551,CA-2019-152555,2019-03-29,2019-04-03,Standard Processing,,,,,,,,Wednesday,2019-03
664,CA-2019-123666,2019-03-26,2019-04-03,Standard Processing,,,,,,,,Wednesday,2019-03
8545,CA-2019-119074,2019-03-27,2019-04-03,Standard Processing,,,,,,,,Wednesday,2019-03
3973,CA-2019-167556,2019-03-29,2019-04-03,Standard Processing,,,,,,,,Wednesday,2019-03
6382,CA-2019-127236,2019-03-29,2019-04-03,Standard Processing,,,,,,,,Wednesday,2019-03
4243,CA-2019-159142,2019-04-04,2019-04-05,Express,,,,,,,,Friday,2019-04
5421,US-2019-151827,2019-03-31,2019-04-05,Standard Processing,,,,,,,,Friday,2019-03
448,CA-2019-166674,2019-04-01,2019-04-05,Standard Processing,,,,,,,,Friday,2019-04
5643,CA-2019-127985,2019-04-01,2019-04-08,Standard Processing,,,,,,,,Monday,2019-04
4090,CA-2019-161473,2019-04-01,2019-04-08,Standard Processing,,,,,,,,Monday,2019-04
5142,CA-2019-111213,2019-04-01,2019-04-08,Standard Processing,,,,,,,,Monday,2019-04
754,CA-2019-110499,2019-04-07,2019-04-10,Express,,,,,,,,Wednesday,2019-04
9369,CA-2019-154998,2019-04-07,2019-04-10,Express,,,,,,,,Wednesday,2019-04
8563,CA-2019-123540,2019-04-02,2019-04-10,Standard Processing,,,,,,,,Wednesday,2019-04
8228,CA-2019-123050,2019-04-04,2019-04-10,Standard Processing,,,,,,,,Wednesday,2019-04
6128,CA-2019-124100,2019-03-31,2019-04-10,Standard Processing,,,,,,,,Wednesday,2019-03
647,CA-2019-103947,2019-04-01,2019-04-10,Standard Processing,,,,,,,,Wednesday,2019-04
3967,CA-2019-149902,2019-04-01,2019-04-10,Standard Processing,,,,,,,,Wednesday,2019-04
8523,US-2019-160206,2019-04-01,2019-04-10,Standard Processing,,,,,,,,Wednesday,2019-04
5059,CA-2019-120796,2019-04-03,2019-04-10,Standard Processing,,,,,,,,Wednesday,2019-04
5898,CA-2019-167682,2019-04-03,2019-04-10,Standard Processing,,,,,,,,Wednesday,2019-04
5440,CA-2019-167115,2019-04-04,2019-04-10,Standard Processing,,,,,,,,Wednesday,2019-04
9316,CA-2019-161907,2019-04-05,2019-04-10,Standard Processing,,,,,,,,Wednesday,2019-04
6151,US-2019-106600,2019-04-08,2019-04-12,Express,,,,,,,,Friday,2019-04
900,US-2019-114622,2019-04-10,2019-04-12,Express,,,,,,,,Friday,2019-04
89,CA-2019-159695,2019-04-05,2019-04-12,Standard Processing,,,,,,,,Friday,2019-04
7361,CA-2019-163594,2019-04-12,2019-04-15,Express,,,,,,,,Monday,2019-04
1980,CA-2019-112669,2019-04-14,2019-04-15,Express,,,,,,,,Monday,2019-04
8799,US-2019-150140,2019-04-06,2019-04-15,Standard Processing,,,,,,,,Monday,2019-04
8517,CA-2019-132899,2019-04-07,2019-04-15,Standard Processing,,,,,,,,Monday,2019-04
904,CA-2019-130477,2019-04-08,2019-04-15,Standard Processing,,,,,,,,Monday,2019-04
1198,CA-2019-130946,2019-04-08,2019-04-15,Standard Processing,,,,,,,,Monday,2019-04
7775,CA-2019-152800,2019-04-13,2019-04-17,Express,,,,,,,,Wednesday,2019-04
3054,CA-2019-128517,2019-04-09,2019-04-17,Standard Processing,,,,,,,,Wednesday,2019-04
4735,CA-2019-120530,2019-04-07,2019-04-17,Standard Processing,,,,,,,,Wednesday,2019-04
9935,CA-2019-114405,2019-04-07,2019-04-17,Standard Processing,,,,,,,,Wednesday,2019-04
355,CA-2019-138520,2019-04-08,2019-04-17,Standard Processing,,,,,,,,Wednesday,2019-04
3673,CA-2019-104969,2019-04-08,2019-04-17,Standard Processing,,,,,,,,Wednesday,2019-04
4196,CA-2019-124233,2019-04-08,2019-04-17,Standard Processing,,,,,,,,Wednesday,2019-04
5508,CA-2019-150000,2019-04-08,2019-04-17,Standard Processing,,,,,,,,Wednesday,2019-04
6717,CA-2019-134789,2019-04-08,2019-04-17,Standard Processing,,,,,,,,Wednesday,2019-04
1560,CA-2019-126809,2019-04-09,2019-04-17,Standard Processing,,,,,,,,Wednesday,2019-04
5400,CA-2019-117681,2019-04-09,2019-04-17,Standard Processing,,,,,,,,Wednesday,2019-04
4500,CA-2019-124814,2019-04-10,2019-04-17,Standard Processing,,,,,,,,Wednesday,2019-04
7474,CA-2019-109652,2019-04-10,2019-04-17,Standard Processing,,,,,,,,Wednesday,2019-04
1130,CA-2019-112102,2019-04-12,2019-04-17,Standard Processing,,,,,,,,Wednesday,2019-04
5775,CA-2019-142398,2019-04-12,2019-04-17,Standard Processing,,,,,,,,Wednesday,2019-04
5890,CA-2019-166625,2019-04-14,2019-04-19,Express,,,,,,,,Friday,2019-04
552,CA-2019-136406,2019-04-15,2019-04-19,Standard Processing,,,,,,,,Friday,2019-04
2253,CA-2019-117849,2019-04-15,2019-04-19,Standard Processing,,,,,,,,Friday,2019-04
6919,CA-2019-105473,2019-04-16,2019-04-19,Standard Processing,,,,,,,,Friday,2019-04
6736,CA-2019-123358,2019-04-10,2019-04-19,Standard Processing,,,,,,,,Friday,2019-04
9135,CA-2019-124254,2019-04-12,2019-04-19,Standard Processing,,,,,,,,Friday,2019-04
9206,CA-2019-146423,2019-04-21,2019-04-22,Express,,,,,,,,Monday,2019-04
418,CA-2019-148796,2019-04-14,2019-04-22,Standard Processing,,,,,,,,Monday,2019-04
1591,US-2019-132423,2019-04-15,2019-04-22,Standard Processing,,,,,,,,Monday,2019-04
2723,CA-2019-164735,2019-04-14,2019-04-24,Standard Processing,,,,,,,,Wednesday,2019-04
2644,CA-2019-149111,2019-04-17,2019-04-24,Standard Processing,,,,,,,,Wednesday,2019-04
430,US-2019-123750,2019-04-15,2019-04-24,Standard Processing,,,,,,,,Wednesday,2019-04
4160,US-2019-164588,2019-04-16,2019-04-24,Standard Processing,,,,,,,,Wednesday,2019-04
4278,US-2019-107440,2019-04-16,2019-04-24,Standard Processing,,,,,,,,Wednesday,2019-04
7130,CA-2019-166282,2019-04-16,2019-04-24,Standard Processing,,,,,,,,Wednesday,2019-04
3790,US-2019-133508,2019-04-17,2019-04-24,Standard Processing,,,,,,,,Wednesday,2019-04
3986,CA-2019-108735,2019-04-17,2019-04-24,Standard Processing,,,,,,,,Wednesday,2019-04
3989,US-2019-159415,2019-04-17,2019-04-24,Standard Processing,,,,,,,,Wednesday,2019-04
2422,CA-2019-155551,2019-04-18,2019-04-24,Standard Processing,,,,,,,,Wednesday,2019-04
7780,CA-2019-139381,2019-04-18,2019-04-24,Standard Processing,,,,,,,,Wednesday,2019-04
8453,CA-2019-125087,2019-04-18,2019-04-24,Standard Processing,,,,,,,,Wednesday,2019-04
9678,CA-2019-144785,2019-04-18,2019-04-24,Standard Processing,,,,,,,,Wednesday,2019-04
7986,CA-2019-151498,2019-04-21,2019-04-26,Express,,,,,,,,Friday,2019-04
2829,CA-2019-124149,2019-04-23,2019-04-26,Express,,,,,,,,Friday,2019-04
1605,US-2019-115819,2019-04-19,2019-04-26,Standard Processing,,,,,,,,Friday,2019-04
1403,US-2019-161396,2019-04-19,2019-04-26,Standard Processing,,,,,,,,Friday,2019-04
3235,CA-2019-138933,2019-04-24,2019-04-29,Express,,,2019-05-03,,,4.0,9.0,Monday,2019-04
1886,CA-2019-147578,2019-04-22,2019-04-29,Standard Processing,,,,,,,,Monday,2019-04
7108,CA-2019-109666,2019-04-19,2019-04-29,Standard Processing,,,2019-05-03,,,4.0,14.0,Monday,2019-04
1037,CA-2019-113061,2019-04-22,2019-04-29,Standard Processing,,,2019-05-06,,,7.0,14.0,Monday,2019-04
1180,CA-2019-168081,2019-04-24,2019-05-01,Standard Processing,,,2019-05-06,,,5.0,12.0,Wednesday,2019-04
332,US-2019-150147,2019-04-25,2019-05-01,Standard Processing,,,2019-05-07,,,6.0,12.0,Wednesday,2019-04
1271,US-2019-103646,2019-04-21,2019-05-01,Standard Processing,,,,,,,,Wednesday,2019-04
463,CA-2019-109869,2019-04-22,2019-05-01,Standard Processing,,,2019-05-07,,,6.0,15.0,Wednesday,2019-04
1577,CA-2019-109057,2019-04-22,2019-05-01,Standard Processing,,,2019-05-07,,,6.0,15.0,Wednesday,2019-04
9503,CA-2019-101329,2019-04-22,2019-05-01,Standard Processing,,,2019-05-08,,,7.0,16.0,Wednesday,2019-04
324,CA-2019-162138,2019-04-23,2019-05-01,Standard Processing,,,2019-05-06,,,5.0,13.0,Wednesday,2019-04
359,CA-2019-130001,2019-04-23,2019-05-01,Standard Processing,,,2019-05-03,,,2.0,10.0,Wednesday,2019-04
9668,CA-2019-126270,2019-04-23,2019-05-01,Standard Processing,,,2019-05-06,,,5.0,13.0,Wednesday,2019-04
4987,CA-2019-149279,2019-04-24,2019-05-01,Standard Processing,,,2019-05-06,,,5.0,12.0,Wednesday,2019-04
611,CA-2019-161816,2019-04-28,2019-05-03,Express,,,2019-05-07,,,4.0,9.0,Friday,2019-04
3237,CA-2019-146836,2019-05-02,2019-05-03,Express,,,2019-05-06,,,3.0,4.0,Friday,2019-05
7913,CA-2019-167605,2019-04-28,2019-05-03,Standard Processing,,,2019-05-07,,,4.0,9.0,Friday,2019-04
4648,CA-2019-139556,2019-04-26,2019-05-03,Standard Processing,,,,,,,,Friday,2019-04
2664,CA-2019-164784,2019-05-01,2019-05-06,Express,,,,,,,,Monday,2019-05
9559,CA-2019-129280,2019-05-03,2019-05-06,Express,,,2019-05-13,,,7.0,10.0,Monday,2019-05
1072,CA-2019-152814,2019-04-28,2019-05-06,Standard Processing,,,2019-05-10,,,4.0,12.0,Monday,2019-04
1358,CA-2019-145247,2019-05-05,2019-05-08,Express,,,2019-05-10,,,2.0,5.0,Wednesday,2019-05
7115,US-2019-102239,2019-05-05,2019-05-08,Express,,,2019-05-13,,,5.0,8.0,Wednesday,2019-05
1631,CA-2019-106530,2019-05-08,2019-05-08,Express,,,2019-05-13,,,5.0,5.0,Wednesday,2019-05
5862,CA-2019-101525,2019-05-01,2019-05-08,Standard Processing,,,2019-05-13,,,5.0,12.0,Wednesday,2019-05
2614,CA-2019-137204,2019-04-28,2019-05-08,Standard Processing,,,,,,,,Wednesday,2019-04
1716,CA-2019-154788,2019-04-30,2019-05-08,Standard Processing,,,2019-05-13,,,5.0,13.0,Wednesday,2019-04
2155,US-2019-120460,2019-04-30,2019-05-08,Standard Processing,,,,,,,,Wednesday,2019-04
2542,CA-2019-144792,2019-04-30,2019-05-08,Standard Processing,,,2019-05-13,,,5.0,13.0,Wednesday,2019-04
1278,CA-2019-148698,2019-05-02,2019-05-08,Standard Processing,,,,,,,,Wednesday,2019-05
7849,CA-2019-104311,2019-05-02,2019-05-08,Standard Processing,,,2019-05-13,,,5.0,11.0,Wednesday,2019-05
8505,CA-2019-109400,2019-05-02,2019-05-08,Standard Processing,,,2019-05-13,,,5.0,11.0,Wednesday,2019-05
9851,CA-2019-158155,2019-05-02,2019-05-08,Standard Processing,,,,,,,,Wednesday,2019-05
2286,CA-2019-112676,2019-05-05,2019-05-10,Express,,,2019-05-14,,,4.0,9.0,Friday,2019-05
2820,CA-2019-160500,2019-05-05,2019-05-10,Express,,,2019-05-14,,,4.0,9.0,Friday,2019-05
4815,CA-2019-111696,2019-05-08,2019-05-10,Express,,,2019-05-13,,,3.0,5.0,Friday,2019-05
5696,CA-2019-126165,2019-05-05,2019-05-10,Standard Processing,,,2019-05-14,,,4.0,9.0,Friday,2019-05
6633,US-2019-146857,2019-05-06,2019-05-10,Standard Processing,,,,,,,,Friday,2019-05
5316,CA-2019-154060,2019-05-02,2019-05-10,Standard Processing,,,,,,,,Friday,2019-05
4436,CA-2019-163398,2019-05-03,2019-05-10,Standard Processing,,,,,,,,Friday,2019-05
2589,CA-2019-137729,2019-05-05,2019-05-13,Standard Processing,,,2019-05-17,,,4.0,12.0,Monday,2019-05
3041,US-2019-147991,2019-05-05,2019-05-13,Standard Processing,,,,,,,,Monday,2019-05
8752,CA-2019-105662,2019-05-05,2019-05-13,Standard Processing,,,,,,,,Monday,2019-05
2380,CA-2019-118052,2019-05-06,2019-05-13,Standard Processing,,,2019-05-15,,,2.0,9.0,Monday,2019-05
3359,CA-2019-139234,2019-05-06,2019-05-13,Standard Processing,,,,,,,,Monday,2019-05
9676,CA-2019-137393,2019-05-06,2019-05-13,Standard Processing,,,2019-05-17,,,4.0,11.0,Monday,2019-05
161,CA-2019-162733,2019-05-11,2019-05-15,Express,,,2019-05-20,,,5.0,9.0,Wednesday,2019-05
2161,CA-2019-141019,2019-05-14,2019-05-15,Express,,,2019-05-20,,,5.0,6.0,Wednesday,2019-05
7280,CA-2019-108224,2019-05-14,2019-05-15,Express,,,2019-05-20,,,5.0,6.0,Wednesday,2019-05
1602,CA-2019-164672,2019-05-08,2019-05-15,Standard Processing,,,2019-05-20,,,5.0,12.0,Wednesday,2019-05
8412,CA-2019-159765,2019-05-09,2019-05-15,Standard Processing,,,2019-05-22,,,7.0,13.0,Wednesday,2019-05
8249,CA-2019-133816,2019-05-10,2019-05-15,Standard Processing,,,2019-05-20,,,5.0,10.0,Wednesday,2019-05
2180,CA-2019-128818,2019-05-07,2019-05-15,Standard Processing,,,,,,,,Wednesday,2019-05
494,CA-2019-169166,2019-05-09,2019-05-15,Standard Processing,,,2019-05-20,,,5.0,11.0,Wednesday,2019-05
5583,CA-2019-161158,2019-05-09,2019-05-15,Standard Processing,,,2019-05-20,,,5.0,11.0,Wednesday,2019-05
6847,US-2019-159093,2019-05-09,2019-05-15,Standard Processing,,,2019-05-21,,,6.0,12.0,Wednesday,2019-05
7833,CA-2019-112382,2019-05-09,2019-05-15,Standard Processing,,,,,,,,Wednesday,2019-05
8915,US-2019-144057,2019-05-09,2019-05-15,Standard Processing,,,2019-05-20,,,5.0,11.0,Wednesday,2019-05
1557,CA-2019-109176,2019-05-09,2019-05-17,Standard Processing,,,2019-05-22,,,5.0,13.0,Friday,2019-05
6573,CA-2019-161543,2019-05-10,2019-05-17,Standard Processing,,,2019-05-22,,,5.0,12.0,Friday,2019-05
9379,CA-2019-117625,2019-05-10,2019-05-17,Standard Processing,,,,,,,,Friday,2019-05
4705,CA-2019-158435,2019-05-17,2019-05-20,Express,,,2019-05-27,,,7.0,10.0,Monday,2019-05
7787,US-2019-117037,2019-05-17,2019-05-20,Express,,,2019-05-27,,,7.0,10.0,Monday,2019-05
793,CA-2019-105256,2019-05-20,2019-05-20,Express,,,2019-05-24,,,4.0,4.0,Monday,2019-05
1590,CA-2019-109911,2019-05-12,2019-05-20,Standard Processing,,,,,,,,Monday,2019-05
9496,US-2019-123610,2019-05-12,2019-05-20,Standard Processing,,,,,,,,Monday,2019-05
4724,CA-2019-159653,2019-05-22,2019-05-22,Express,,,,,,,,Wednesday,2019-05
4965,CA-2019-141180,2019-05-15,2019-05-22,Standard Processing,,,2019-05-27,,,5.0,12.0,Wednesday,2019-05
7734,CA-2019-165673,2019-05-15,2019-05-22,Standard Processing,,,2019-05-27,,,5.0,12.0,Wednesday,2019-05
3945,CA-2019-133144,2019-05-16,2019-05-22,Standard Processing,,,2019-05-27,,,5.0,11.0,Wednesday,2019-05
9610,CA-2019-130638,2019-05-16,2019-05-22,Standard Processing,,,2019-05-27,,,5.0,11.0,Wednesday,2019-05
3772,US-2019-101196,2019-05-12,2019-05-22,Standard Processing,,,,,,,,Wednesday,2019-05
7077,CA-2019-167416,2019-05-12,2019-05-22,Standard Processing,,,,,,,,Wednesday,2019-05
9272,CA-2019-100510,2019-05-12,2019-05-22,Standard Processing,,,2019-05-28,,,6.0,16.0,Wednesday,2019-05
4797,US-2019-148901,2019-05-14,2019-05-22,Standard Processing,,,2019-05-27,,,5.0,13.0,Wednesday,2019-05
2096,US-2019-146570,2019-05-15,2019-05-22,Standard Processing,,,2019-05-28,,,6.0,13.0,Wednesday,2019-05
4830,CA-2019-152408,2019-05-15,2019-05-22,Standard Processing,,,2019-05-27,,,5.0,12.0,Wednesday,2019-05
1907,US-2019-150567,2019-05-17,2019-05-22,Standard Processing,,,2019-05-27,,,5.0,10.0,Wednesday,2019-05
1677,CA-2019-122728,2019-05-18,2019-05-22,Standard Processing,,,,,,,,Wednesday,2019-05
3968,CA-2019-146010,2019-05-20,2019-05-24,Express,,,,,,,,Friday,2019-05
524,US-2019-139486,2019-05-21,2019-05-24,Express,,,,,,,,Friday,2019-05
4361,CA-2019-127642,2019-05-21,2019-05-24,Express,,,2019-05-27,,,3.0,6.0,Friday,2019-05
5002,CA-2019-136126,2019-05-24,2019-05-24,Express,,,,,,,,Friday,2019-05
1336,CA-2019-122133,2019-05-16,2019-05-24,Standard Processing,,,2019-05-28,,,4.0,12.0,Friday,2019-05
1274,CA-2019-119186,2019-05-26,2019-05-28,Express,,,2019-05-31,,,3.0,5.0,Tuesday,2019-05
3531,US-2019-152835,2019-05-19,2019-05-28,Standard Processing,,,,,,,,Tuesday,2019-05
7467,CA-2019-138282,2019-05-19,2019-05-28,Standard Processing,,,2019-05-31,,,3.0,12.0,Tuesday,2019-05
3688,CA-2019-108567,2019-05-20,2019-05-28,Standard Processing,,,,,,,,Tuesday,2019-05
3532,CA-2019-155565,2019-05-28,2019-05-29,Express,,,,,,,,Wednesday,2019-05
770,CA-2019-157245,2019-05-19,2019-05-29,Standard Processing,,,2019-06-03,,,5.0,15.0,Wednesday,2019-05
1717,CA-2019-169943,2019-05-19,2019-05-29,Standard Processing,,,2019-06-03,,,5.0,15.0,Wednesday,2019-05
2499,CA-2019-126935,2019-05-19,2019-05-29,Standard Processing,,,2019-06-03,,,5.0,15.0,Wednesday,2019-05
639,CA-2019-115917,2019-05-20,2019-05-29,Standard Processing,,,,,,,,Wednesday,2019-05
2419,CA-2019-107202,2019-05-21,2019-05-29,Standard Processing,,,2019-06-03,,,5.0,13.0,Wednesday,2019-05
7068,CA-2019-114209,2019-05-21,2019-05-29,Standard Processing,,,2019-06-03,,,5.0,13.0,Wednesday,2019-05
9796,CA-2019-125920,2019-05-21,2019-05-29,Standard Processing,,,2019-06-03,,,5.0,13.0,Wednesday,2019-05
2441,CA-2019-146934,2019-05-22,2019-05-29,Standard Processing,,,,,,,,Wednesday,2019-05
1330,CA-2019-142762,2019-05-23,2019-05-29,Standard Processing,,,2019-06-03,,,5.0,11.0,Wednesday,2019-05
1445,CA-2019-133725,2019-05-23,2019-05-29,Standard Processing,,,2019-06-03,,,5.0,11.0,Wednesday,2019-05
1578,CA-2019-154403,2019-05-23,2019-05-29,Standard Processing,,,2019-06-03,,,5.0,11.0,Wednesday,2019-05
6426,CA-2019-143714,2019-05-23,2019-05-29,Standard Processing,,,2019-06-03,,,5.0,11.0,Wednesday,2019-05
8482,CA-2019-138583,2019-05-24,2019-05-29,Standard Processing,,,2019-06-03,,,5.0,10.0,Wednesday,2019-05
2986,CA-2019-139269,2019-05-25,2019-05-29,Standard Processing,,,,,,,,Wednesday,2019-05
979,CA-2019-145499,2019-05-30,2019-05-31,Express,,,2019-06-05,,,5.0,6.0,Friday,2019-05
9718,CA-2019-108210,2019-05-30,2019-05-31,Express,,,2019-06-03,,,3.0,4.0,Friday,2019-05
9276,CA-2019-113236,2019-05-26,2019-05-31,Standard Processing,,,,,,,,Friday,2019-05
5171,CA-2019-122903,2019-05-27,2019-05-31,Standard Processing,,,,,,,,Friday,2019-05
8456,CA-2019-154081,2019-05-22,2019-05-31,Standard Processing,,,2019-06-03,,,3.0,12.0,Friday,2019-05
1234,CA-2019-153682,2019-05-30,2019-06-03,Express,,,2019-06-06,,,3.0,7.0,Monday,2019-05
9501,CA-2019-149237,2019-05-26,2019-06-03,Standard Processing,,,,,,,,Monday,2019-05
7605,CA-2019-101791,2019-05-27,2019-06-03,Standard Processing,,,2019-06-06,,,3.0,10.0,Monday,2019-05
2602,CA-2019-165848,2019-06-04,2019-06-05,Express,,,,,,,,Wednesday,2019-06
534,CA-2019-168753,2019-05-29,2019-06-05,Standard Processing,,,,,,,,Wednesday,2019-05
1639,CA-2019-157266,2019-05-26,2019-06-05,Standard Processing,,,,,,,,Wednesday,2019-05
3214,CA-2019-132409,2019-05-26,2019-06-05,Standard Processing,,,,,,,,Wednesday,2019-05
6605,CA-2019-148852,2019-05-26,2019-06-05,Standard Processing,,,2019-06-10,,,5.0,15.0,Wednesday,2019-05
7869,CA-2019-136994,2019-05-27,2019-06-05,Standard Processing,,,2019-06-10,,,5.0,14.0,Wednesday,2019-05
853,CA-2019-113747,2019-05-28,2019-06-05,Standard Processing,,,2019-06-10,,,5.0,13.0,Wednesday,2019-05
3169,CA-2019-138695,2019-05-28,2019-06-05,Standard Processing,,,2019-06-10,,,5.0,13.0,Wednesday,2019-05
3421,CA-2019-134803,2019-05-28,2019-06-05,Standard Processing,,,,,,,,Wednesday,2019-05
7315,CA-2019-121377,2019-05-28,2019-06-05,Standard Processing,,,,,,,,Wednesday,2019-05
3958,CA-2019-156573,2019-05-29,2019-06-05,Standard Processing,,,,,,,,Wednesday,2019-05
501,US-2019-105578,2019-05-30,2019-06-05,Standard Processing,,,2019-06-10,,,5.0,11.0,Wednesday,2019-05
5301,CA-2019-113831,2019-05-30,2019-06-05,Standard Processing,,,,,,,,Wednesday,2019-05
5471,CA-2019-158547,2019-05-30,2019-06-05,Standard Processing,,,,,,,,Wednesday,2019-05
7067,CA-2019-147473,2019-05-30,2019-06-05,Standard Processing,,,2019-06-07,,,2.0,8.0,Wednesday,2019-05
7254,CA-2019-152730,2019-05-30,2019-06-05,Standard Processing,,,,,,,,Wednesday,2019-05
8296,CA-2019-166380,2019-05-30,2019-06-05,Standard Processing,,,,,,,,Wednesday,2019-05
8901,CA-2019-150483,2019-05-31,2019-06-05,Standard Processing,,,,,,,,Wednesday,2019-05
2851,US-2019-128293,2019-06-02,2019-06-07,Express,,,,,,,,Friday,2019-06
70,CA-2019-119823,2019-06-04,2019-06-07,Express,,,,,,,,Friday,2019-06
5523,CA-2019-110982,2019-06-05,2019-06-07,Express,,,,,,,,Friday,2019-06
434,CA-2019-127369,2019-06-06,2019-06-07,Express,,,,,,,,Friday,2019-06
5532,US-2019-167472,2019-06-06,2019-06-07,Express,,,,,,,,Friday,2019-06
9938,CA-2019-164889,2019-06-03,2019-06-07,Standard Processing,,,,,,,,Friday,2019-06
7409,CA-2019-129728,2019-05-30,2019-06-07,Standard Processing,,,,,,,,Friday,2019-05
9631,CA-2019-168844,2019-05-31,2019-06-07,Standard Processing,,,,,,,,Friday,2019-05
3149,CA-2019-120558,2019-06-07,2019-06-10,Express,,,,,,,,Monday,2019-06
7211,US-2019-119046,2019-06-02,2019-06-10,Standard Processing,,,,,,,,Monday,2019-06
4583,CA-2019-121993,2019-06-10,2019-06-12,Express,,,,,,,,Wednesday,2019-06
238,CA-2019-157749,2019-06-04,2019-06-12,Standard Processing,,,,,,,,Wednesday,2019-06
5085,CA-2019-108350,2019-06-06,2019-06-12,Standard Processing,,,,,,,,Wednesday,2019-06
1134,US-2019-134908,2019-06-05,2019-06-12,Standard Processing,,,,,,,,Wednesday,2019-06
3727,CA-2019-165169,2019-06-05,2019-06-12,Standard Processing,,,,,,,,Wednesday,2019-06
9375,CA-2019-149671,2019-06-05,2019-06-12,Standard Processing,,,,,,,,Wednesday,2019-06
9661,CA-2019-160717,2019-06-06,2019-06-12,Standard Processing,,,,,,,,Wednesday,2019-06
9898,CA-2019-112830,2019-06-06,2019-06-12,Standard Processing,,,,,,,,Wednesday,2019-06
3577,CA-2019-103163,2019-06-07,2019-06-12,Standard Processing,,,,,,,,Wednesday,2019-06
9583,CA-2019-107475,2019-06-07,2019-06-12,Standard Processing,,,,,,,,Wednesday,2019-06
2839,CA-2019-147368,2019-06-09,2019-06-14,Express,,,,,,,,Friday,2019-06
5428,US-2019-108497,2019-06-14,2019-06-14,Express,,,,,,,,Friday,2019-06
5871,CA-2019-128223,2019-06-14,2019-06-14,Express,,,,,,,,Friday,2019-06
2758,CA-2019-127775,2019-06-11,2019-06-14,Standard Processing,,,,,,,,Friday,2019-06
265,CA-2019-125318,2019-06-06,2019-06-14,Standard Processing,,,,,,,,Friday,2019-06
9120,US-2019-155971,2019-06-06,2019-06-14,Standard Processing,,,,,,,,Friday,2019-06
80,CA-2019-127208,2019-06-12,2019-06-17,Express,,,,,,,,Monday,2019-06
120,CA-2019-103730,2019-06-12,2019-06-17,Express,,,,,,,,Monday,2019-06
1099,CA-2019-107216,2019-06-14,2019-06-17,Express,,,,,,,,Monday,2019-06
7992,CA-2019-133872,2019-06-14,2019-06-17,Express,,,,,,,,Monday,2019-06
437,CA-2019-147375,2019-06-12,2019-06-17,Standard Processing,,,,,,,,Monday,2019-06
56,CA-2019-111682,2019-06-17,2019-06-19,Express,,,,,,,,Wednesday,2019-06
6616,CA-2019-123512,2019-06-17,2019-06-19,Express,,,,,,,,Wednesday,2019-06
7532,CA-2019-107146,2019-06-17,2019-06-19,Express,,,,,,,,Wednesday,2019-06
3,CA-2019-138688,2019-06-12,2019-06-19,Standard Processing,,,,,,,,Wednesday,2019-06
8717,CA-2019-120824,2019-06-12,2019-06-19,Standard Processing,,,,,,,,Wednesday,2019-06
3662,CA-2019-155005,2019-06-13,2019-06-19,Standard Processing,,,,,,,,Wednesday,2019-06
6594,CA-2019-126795,2019-06-13,2019-06-19,Standard Processing,,,,,,,,Wednesday,2019-06
1927,US-2019-139710,2019-06-09,2019-06-19,Standard Processing,,,,,,,,Wednesday,2019-06
5468,CA-2019-122448,2019-06-09,2019-06-19,Standard Processing,,,,,,,,Wednesday,2019-06
6047,CA-2019-154662,2019-06-09,2019-06-19,Standard Processing,,,,,,,,Wednesday,2019-06
557,CA-2019-113243,2019-06-10,2019-06-19,Standard Processing,,,,,,,,Wednesday,2019-06
2428,CA-2019-169922,2019-06-11,2019-06-19,Standard Processing,,,,,,,,Wednesday,2019-06
5668,CA-2019-142405,2019-06-11,2019-06-19,Standard Processing,,,,,,,,Wednesday,2019-06
8370,CA-2019-118745,2019-06-11,2019-06-19,Standard Processing,,,,,,,,Wednesday,2019-06
2903,CA-2019-164035,2019-06-12,2019-06-19,Standard Processing,,,,,,,,Wednesday,2019-06
7148,CA-2019-139941,2019-06-12,2019-06-19,Standard Processing,,,,,,,,Wednesday,2019-06
8224,CA-2019-104633,2019-06-12,2019-06-19,Standard Processing,,,,,,,,Wednesday,2019-06
4142,CA-2019-136287,2019-06-13,2019-06-19,Standard Processing,,,,,,,,Wednesday,2019-06
9060,CA-2019-132304,2019-06-14,2019-06-19,Standard Processing,,,,,,,,Wednesday,2019-06
6050,CA-2019-152765,2019-06-15,2019-06-21,Express,,,,,,,,Friday,2019-06
6849,US-2019-163461,2019-06-18,2019-06-21,Express,,,,,,,,Friday,2019-06
941,CA-2019-105760,2019-06-19,2019-06-21,Express,,,,,,,,Friday,2019-06
1307,CA-2019-141397,2019-06-20,2019-06-21,Express,,,,,,,,Friday,2019-06
4179,CA-2019-148593,2019-06-16,2019-06-21,Standard Processing,,,,,,,,Friday,2019-06
9456,CA-2019-140977,2019-06-16,2019-06-21,Standard Processing,,,,,,,,Friday,2019-06
3537,CA-2019-145842,2019-06-17,2019-06-21,Standard Processing,,,,,,,,Friday,2019-06
9548,CA-2019-131744,2019-06-18,2019-06-21,Standard Processing,,,,,,,,Friday,2019-06
7880,CA-2019-155747,2019-06-14,2019-06-24,Standard Processing,,,,,,,,Monday,2019-06
8260,CA-2019-118101,2019-06-26,2019-06-26,Express,,,,,,,,Wednesday,2019-06
8687,CA-2019-144015,2019-06-26,2019-06-26,Express,,,,,,,,Wednesday,2019-06
851,CA-2019-152534,2019-06-20,2019-06-26,Standard Processing,,,,,,,,Wednesday,2019-06
9744,CA-2019-137127,2019-06-16,2019-06-26,Standard Processing,,,,,,,,Wednesday,2019-06
1552,CA-2019-159345,2019-06-17,2019-06-26,Standard Processing,,,,,,,,Wednesday,2019-06
7744,CA-2019-133613,2019-06-17,2019-06-26,Standard Processing,,,,,,,,Wednesday,2019-06
9604,CA-2019-129861,2019-06-17,2019-06-26,Standard Processing,,,,,,,,Wednesday,2019-06
48,CA-2019-169194,2019-06-20,2019-06-26,Standard Processing,,,,,,,,Wednesday,2019-06
934,CA-2019-140081,2019-06-20,2019-06-26,Standard Processing,,,,,,,,Wednesday,2019-06
7287,CA-2019-149965,2019-06-20,2019-06-26,Standard Processing,,,,,,,,Wednesday,2019-06
8659,CA-2019-168361,2019-06-21,2019-06-26,Standard Processing,,,,,,,,Wednesday,2019-06
4307,CA-2019-161095,2019-06-28,2019-06-28,Express,,,,,,,,Friday,2019-06
6928,CA-2019-140382,2019-06-23,2019-06-28,Standard Processing,,,,,,,,Friday,2019-06
9166,CA-2019-100300,2019-06-24,2019-06-28,Standard Processing,,,,,,,,Friday,2019-06
7426,CA-2019-101693,2019-06-25,2019-06-28,Standard Processing,,,,,,,,Friday,2019-06
1945,CA-2019-108581,2019-06-20,2019-06-28,Standard Processing,,,,,,,,Friday,2019-06
5226,CA-2019-119865,2019-06-21,2019-06-28,Standard Processing,,,,,,,,Friday,2019-06
4173,CA-2019-152163,2019-07-01,2019-07-01,Express,,,,,,,,Monday,2019-07
8905,US-2019-126431,2019-07-01,2019-07-01,Express,,,,,,,,Monday,2019-07
7019,US-2019-154256,2019-06-23,2019-07-01,Standard Processing,,,,,,,,Monday,2019-06
4704,CA-2019-166240,2019-06-24,2019-07-01,Standard Processing,,,,,,,,Monday,2019-06
7473,CA-2019-139997,2019-07-01,2019-07-03,Express,,,,,,,,Wednesday,2019-07
9753,US-2019-158680,2019-07-01,2019-07-03,Express,,,,,,,,Wednesday,2019-07
8777,CA-2019-102813,2019-07-02,2019-07-03,Express,,,,,,,,Wednesday,2019-07
9773,CA-2019-104983,2019-07-03,2019-07-03,Express,,,,,,,,Wednesday,2019-07
1694,US-2019-158708,2019-06-26,2019-07-03,Standard Processing,,,,,,,,Wednesday,2019-06
6149,CA-2019-161928,2019-06-27,2019-07-03,Standard Processing,,,,,,,,Wednesday,2019-06
3922,CA-2019-110044,2019-06-28,2019-07-03,Standard Processing,,,,,,,,Wednesday,2019-06
6751,CA-2019-154767,2019-06-28,2019-07-03,Standard Processing,,,,,,,,Wednesday,2019-06
2085,CA-2019-140501,2019-06-23,2019-07-03,Standard Processing,,,,,,,,Wednesday,2019-06
3944,US-2019-142685,2019-06-23,2019-07-03,Standard Processing,,,,,,,,Wednesday,2019-06
3529,CA-2019-130680,2019-06-24,2019-07-03,Standard Processing,,,,,,,,Wednesday,2019-06
4688,CA-2019-101987,2019-06-24,2019-07-03,Standard Processing,,,,,,,,Wednesday,2019-06
2146,US-2019-152051,2019-06-25,2019-07-03,Standard Processing,,,,,,,,Wednesday,2019-06
2191,CA-2019-118913,2019-06-25,2019-07-03,Standard Processing,,,,,,,,Wednesday,2019-06
480,CA-2019-100790,2019-06-26,2019-07-03,Standard Processing,,,,,,,,Wednesday,2019-06
6506,CA-2019-152331,2019-06-26,2019-07-03,Standard Processing,,,,,,,,Wednesday,2019-06
9025,CA-2019-102127,2019-06-26,2019-07-03,Standard Processing,,,,,,,,Wednesday,2019-06
2904,CA-2019-153577,2019-06-27,2019-07-03,Standard Processing,,,,,,,,Wednesday,2019-06
5936,CA-2019-103107,2019-07-04,2019-07-05,Express,,,,,,,,Friday,2019-07
8231,CA-2019-162355,2019-06-30,2019-07-05,Standard Processing,,,,,,,,Friday,2019-06
8882,CA-2019-135594,2019-06-30,2019-07-05,Standard Processing,,,,,,,,Friday,2019-06
1286,CA-2019-119445,2019-06-26,2019-07-05,Standard Processing,,,,,,,,Friday,2019-06
3957,CA-2019-114951,2019-06-26,2019-07-05,Standard Processing,,,,,,,,Friday,2019-06
9774,CA-2019-160234,2019-06-26,2019-07-05,Standard Processing,,,,,,,,Friday,2019-06
3565,CA-2019-130029,2019-07-03,2019-07-08,Express,,,,,,,,Monday,2019-07
4452,CA-2019-147137,2019-07-04,2019-07-08,Express,,,,,,,,Monday,2019-07
3815,CA-2019-152471,2019-07-08,2019-07-08,Express,,,,,,,,Monday,2019-07
1901,CA-2019-140543,2019-06-29,2019-07-08,Standard Processing,,,,,,,,Monday,2019-06
7238,CA-2019-164924,2019-07-10,2019-07-10,Express,,,,,,,,Wednesday,2019-07
1159,CA-2019-149314,2019-07-02,2019-07-10,Standard Processing,,,,,,,,Wednesday,2019-07
8337,CA-2019-101469,2019-07-02,2019-07-10,Standard Processing,,,,,,,,Wednesday,2019-07
8049,CA-2019-168543,2019-07-03,2019-07-10,Standard Processing,,,,,,,,Wednesday,2019-07
4823,CA-2019-134222,2019-07-10,2019-07-12,Express,,,,,,,,Friday,2019-07
3983,CA-2019-135265,2019-07-07,2019-07-12,Standard Processing,,,,,,,,Friday,2019-07
1923,CA-2019-156685,2019-07-08,2019-07-12,Standard Processing,,,,,,,,Friday,2019-07
2187,CA-2019-101378,2019-07-14,2019-07-15,Express,,,,,,,,Monday,2019-07
2372,CA-2019-159940,2019-07-07,2019-07-15,Standard Processing,,,,,,,,Monday,2019-07
1799,CA-2019-100965,2019-07-07,2019-07-15,Standard Processing,,,,,,,,Monday,2019-07
1938,CA-2019-112109,2019-07-08,2019-07-15,Standard Processing,,,,,,,,Monday,2019-07
7604,CA-2019-152520,2019-07-08,2019-07-15,Standard Processing,,,,,,,,Monday,2019-07
599,CA-2019-120180,2019-07-14,2019-07-17,Express,,,,,,,,Wednesday,2019-07
725,CA-2019-114713,2019-07-07,2019-07-17,Standard Processing,,,,,,,,Wednesday,2019-07
6524,CA-2019-129308,2019-07-07,2019-07-17,Standard Processing,,,,,,,,Wednesday,2019-07
8797,CA-2019-106397,2019-07-07,2019-07-17,Standard Processing,,,,,,,,Wednesday,2019-07
3255,CA-2019-155474,2019-07-08,2019-07-17,Standard Processing,,,,,,,,Wednesday,2019-07
1412,CA-2019-136329,2019-07-09,2019-07-17,Standard Processing,,,,,,,,Wednesday,2019-07
536,CA-2019-126613,2019-07-10,2019-07-17,Standard Processing,,,,,,,,Wednesday,2019-07
1733,US-2019-131149,2019-07-10,2019-07-17,Standard Processing,,,,,,,,Wednesday,2019-07
542,CA-2019-136924,2019-07-14,2019-07-19,Express,,,,,,,,Friday,2019-07
1306,CA-2019-101966,2019-07-14,2019-07-19,Standard Processing,,,,,,,,Friday,2019-07
3365,CA-2019-130050,2019-07-16,2019-07-19,Standard Processing,,,,,,,,Friday,2019-07
7278,CA-2019-157217,2019-07-19,2019-07-22,Express,,,,,,,,Monday,2019-07
5664,CA-2019-141957,2019-07-21,2019-07-22,Express,,,,,,,,Monday,2019-07
1207,CA-2019-137050,2019-07-14,2019-07-22,Standard Processing,,,,,,,,Monday,2019-07
4682,CA-2019-169215,2019-07-14,2019-07-22,Standard Processing,,,,,,,,Monday,2019-07
6666,CA-2019-115483,2019-07-14,2019-07-22,Standard Processing,,,,,,,,Monday,2019-07
478,CA-2019-103891,2019-07-12,2019-07-22,Standard Processing,,,,,,,,Monday,2019-07
2154,CA-2019-117282,2019-07-14,2019-07-22,Standard Processing,,,,,,,,Monday,2019-07
7224,CA-2019-109953,2019-07-14,2019-07-22,Standard Processing,,,,,,,,Monday,2019-07
6963,CA-2019-157161,2019-07-16,2019-07-24,Standard Processing,,,,,,,,Wednesday,2019-07
6274,US-2019-139087,2019-07-17,2019-07-24,Standard Processing,,,,,,,,Wednesday,2019-07
4730,CA-2019-124681,2019-07-18,2019-07-24,Standard Processing,,,,,,,,Wednesday,2019-07
6957,CA-2019-157588,2019-07-14,2019-07-24,Standard Processing,,,,,,,,Wednesday,2019-07
2238,CA-2019-122322,2019-07-15,2019-07-24,Standard Processing,,,,,,,,Wednesday,2019-07
7932,US-2019-168095,2019-07-15,2019-07-24,Standard Processing,,,,,,,,Wednesday,2019-07
188,CA-2019-157000,2019-07-16,2019-07-24,Standard Processing,,,,,,,,Wednesday,2019-07
600,US-2019-100720,2019-07-16,2019-07-24,Standard Processing,,,,,,,,Wednesday,2019-07
43,CA-2019-101343,2019-07-17,2019-07-24,Standard Processing,,,,,,,,Wednesday,2019-07
2046,CA-2019-131835,2019-07-17,2019-07-24,Standard Processing,,,,,,,,Wednesday,2019-07
3108,CA-2019-121671,2019-07-17,2019-07-24,Standard Processing,,,,,,,,Wednesday,2019-07
7842,CA-2019-116603,2019-07-17,2019-07-24,Standard Processing,,,,,,,,Wednesday,2019-07
1842,CA-2019-157763,2019-07-18,2019-07-24,Standard Processing,,,,,,,,Wednesday,2019-07
3661,CA-2019-161676,2019-07-18,2019-07-24,Standard Processing,,,,,,,,Wednesday,2019-07
6848,CA-2019-162110,2019-07-18,2019-07-24,Standard Processing,,,,,,,,Wednesday,2019-07
8139,CA-2019-102561,2019-07-18,2019-07-24,Standard Processing,,,,,,,,Wednesday,2019-07
8705,CA-2019-111318,2019-07-23,2019-07-26,Express,,,,,,,,Friday,2019-07
8741,CA-2019-102498,2019-07-24,2019-07-26,Express,,,,,,,,Friday,2019-07
5244,CA-2019-149454,2019-07-25,2019-07-26,Express,,,,,,,,Friday,2019-07
8309,CA-2019-149335,2019-07-25,2019-07-26,Express,,,,,,,,Friday,2019-07
7987,CA-2019-137939,2019-07-20,2019-07-26,Standard Processing,,,,,,,,Friday,2019-07
2071,CA-2019-146521,2019-07-21,2019-07-26,Standard Processing,,,,,,,,Friday,2019-07
1117,CA-2019-144855,2019-07-22,2019-07-26,Standard Processing,,,,,,,,Friday,2019-07
1201,CA-2019-114727,2019-07-18,2019-07-26,Standard Processing,,,,,,,,Friday,2019-07
5985,CA-2019-163776,2019-07-19,2019-07-26,Standard Processing,,,,,,,,Friday,2019-07
1987,CA-2019-147417,2019-07-25,2019-07-29,Express,,,,,,,,Monday,2019-07
6762,CA-2019-162943,2019-07-24,2019-07-29,Standard Processing,,,,,,,,Monday,2019-07
4441,US-2019-111290,2019-07-22,2019-07-29,Standard Processing,,,,,,,,Monday,2019-07
8757,CA-2019-114307,2019-07-22,2019-07-29,Standard Processing,,,,,,,,Monday,2019-07
8632,CA-2019-107783,2019-07-28,2019-07-31,Express,,,,,,,,Wednesday,2019-07
4879,US-2019-131891,2019-07-29,2019-07-31,Express,,,,,,,,Wednesday,2019-07
2156,CA-2019-111115,2019-07-25,2019-07-31,Standard Processing,,,,,,,,Wednesday,2019-07
9891,US-2019-115441,2019-07-25,2019-07-31,Standard Processing,,,,,,,,Wednesday,2019-07
5833,CA-2019-142895,2019-07-21,2019-07-31,Standard Processing,,,,,,,,Wednesday,2019-07
6560,CA-2019-160941,2019-07-21,2019-07-31,Standard Processing,,,,,,,,Wednesday,2019-07
1527,CA-2019-122392,2019-07-22,2019-07-31,Standard Processing,,,,,,,,Wednesday,2019-07
5453,CA-2019-140613,2019-07-22,2019-07-31,Standard Processing,,,,,,,,Wednesday,2019-07
834,CA-2019-165316,2019-07-23,2019-07-31,Standard Processing,,,,,,,,Wednesday,2019-07
4237,CA-2019-162404,2019-07-23,2019-07-31,Standard Processing,,,,,,,,Wednesday,2019-07
7072,CA-2019-112256,2019-07-23,2019-07-31,Standard Processing,,,,,,,,Wednesday,2019-07
3010,CA-2019-115525,2019-07-25,2019-07-31,Standard Processing,,,,,,,,Wednesday,2019-07
3106,CA-2019-103037,2019-07-25,2019-07-31,Standard Processing,,,,,,,,Wednesday,2019-07
3579,CA-2019-104157,2019-07-25,2019-07-31,Standard Processing,,,,,,,,Wednesday,2019-07
5446,CA-2019-128307,2019-07-25,2019-07-31,Standard Processing,,,,,,,,Wednesday,2019-07
7908,CA-2019-112585,2019-07-30,2019-08-02,Express,,,,,,,,Friday,2019-07
7770,CA-2019-155978,2019-08-01,2019-08-02,Express,,,,,,,,Friday,2019-08
497,CA-2019-126158,2019-07-25,2019-08-02,Standard Processing,,,,,,,,Friday,2019-07
9592,US-2019-105452,2019-07-28,2019-08-05,Standard Processing,,,,,,,,Monday,2019-07
3445,CA-2019-116344,2019-07-29,2019-08-05,Standard Processing,,,,,,,,Monday,2019-07
2688,US-2019-128195,2019-08-04,2019-08-07,Express,,,,,,,,Wednesday,2019-08
3447,CA-2019-158869,2019-08-06,2019-08-07,Express,,,,,,,,Wednesday,2019-08
7102,CA-2019-144337,2019-08-01,2019-08-07,Standard Processing,,,,,,,,Wednesday,2019-08
9155,CA-2019-132990,2019-08-01,2019-08-07,Standard Processing,,,,,,,,Wednesday,2019-08
5245,CA-2019-156265,2019-08-02,2019-08-07,Standard Processing,,,,,,,,Wednesday,2019-08
5679,CA-2019-143924,2019-07-28,2019-08-07,Standard Processing,,,,,,,,Wednesday,2019-07
6927,CA-2019-140046,2019-07-28,2019-08-07,Standard Processing,,,,,,,,Wednesday,2019-07
8649,CA-2019-164574,2019-07-29,2019-08-07,Standard Processing,,,,,,,,Wednesday,2019-07
2174,CA-2019-112025,2019-07-30,2019-08-07,Standard Processing,,,,,,,,Wednesday,2019-07
7455,CA-2019-137743,2019-07-30,2019-08-07,Standard Processing,,,,,,,,Wednesday,2019-07
4672,CA-2019-133550,2019-07-31,2019-08-07,Standard Processing,,,,,,,,Wednesday,2019-07
8168,CA-2019-144148,2019-07-31,2019-08-07,Standard Processing,,,,,,,,Wednesday,2019-07
6158,CA-2019-104150,2019-08-03,2019-08-09,Standard Processing,,,,,,,,Friday,2019-08
4086,CA-2019-111913,2019-08-04,2019-08-09,Standard Processing,,,,,,,,Friday,2019-08
3517,US-2019-113649,2019-08-09,2019-08-12,Express,,,,,,,,Monday,2019-08
1087,CA-2019-167584,2019-08-12,2019-08-12,Express,,,,,,,,Monday,2019-08
1764,CA-2019-110254,2019-08-04,2019-08-12,Standard Processing,,,,,,,,Monday,2019-08
6021,US-2019-156692,2019-08-13,2019-08-14,Express,,,,,,,,Wednesday,2019-08
1800,CA-2019-121034,2019-08-08,2019-08-14,Standard Processing,,,,,,,,Wednesday,2019-08
9490,US-2019-102232,2019-08-05,2019-08-14,Standard Processing,,,,,,,,Wednesday,2019-08
5943,CA-2019-151092,2019-08-06,2019-08-14,Standard Processing,,,,,,,,Wednesday,2019-08
9511,CA-2019-105263,2019-08-06,2019-08-14,Standard Processing,,,,,,,,Wednesday,2019-08
6583,CA-2019-148516,2019-08-07,2019-08-14,Standard Processing,,,,,,,,Wednesday,2019-08
3196,CA-2019-169026,2019-08-08,2019-08-14,Standard Processing,,,,,,,,Wednesday,2019-08
7925,CA-2019-125843,2019-08-13,2019-08-16,Express,,,,,,,,Friday,2019-08
7049,CA-2019-119515,2019-08-14,2019-08-16,Express,,,,,,,,Friday,2019-08
2573,CA-2019-155845,2019-08-12,2019-08-16,Standard Processing,,,,,,,,Friday,2019-08
9717,US-2019-144477,2019-08-12,2019-08-16,Standard Processing,,,,,,,,Friday,2019-08
3497,CA-2019-107328,2019-08-08,2019-08-16,Standard Processing,,,,,,,,Friday,2019-08
5257,CA-2019-130078,2019-08-08,2019-08-16,Standard Processing,,,,,,,,Friday,2019-08
9160,CA-2019-118934,2019-08-09,2019-08-16,Standard Processing,,,,,,,,Friday,2019-08
6134,CA-2019-148096,2019-08-16,2019-08-19,Express,,,,,,,,Monday,2019-08
4646,CA-2019-143910,2019-08-12,2019-08-19,Standard Processing,,,,,,,,Monday,2019-08
8137,CA-2019-118073,2019-08-12,2019-08-19,Standard Processing,,,,,,,,Monday,2019-08
6056,CA-2019-113551,2019-08-18,2019-08-21,Express,,,,,,,,Wednesday,2019-08
7096,CA-2019-101980,2019-08-19,2019-08-21,Express,,,,,,,,Wednesday,2019-08
9403,CA-2019-105459,2019-08-12,2019-08-21,Standard Processing,,,,,,,,Wednesday,2019-08
1747,CA-2019-155670,2019-08-13,2019-08-21,Standard Processing,,,,,,,,Wednesday,2019-08
3763,CA-2019-156251,2019-08-13,2019-08-21,Standard Processing,,,,,,,,Wednesday,2019-08
1088,CA-2019-166163,2019-08-15,2019-08-21,Standard Processing,,,,,,,,Wednesday,2019-08
2858,CA-2019-154690,2019-08-15,2019-08-21,Standard Processing,,,,,,,,Wednesday,2019-08
8306,CA-2019-128671,2019-08-11,2019-08-21,Standard Processing,,,,,,,,Wednesday,2019-08
8876,US-2019-141264,2019-08-13,2019-08-21,Standard Processing,,,,,,,,Wednesday,2019-08
5380,CA-2019-136021,2019-08-14,2019-08-21,Standard Processing,,,,,,,,Wednesday,2019-08
8691,CA-2019-136770,2019-08-14,2019-08-21,Standard Processing,,,,,,,,Wednesday,2019-08
2555,CA-2019-118626,2019-08-15,2019-08-21,Standard Processing,,,,,,,,Wednesday,2019-08
2659,CA-2019-150343,2019-08-16,2019-08-21,Standard Processing,,,,,,,,Wednesday,2019-08
1902,CA-2019-151141,2019-08-20,2019-08-23,Express,,,,,,,,Friday,2019-08
9023,US-2019-141880,2019-08-22,2019-08-23,Express,,,,,,,,Friday,2019-08
9125,CA-2019-128916,2019-08-18,2019-08-23,Standard Processing,,,,,,,,Friday,2019-08
637,US-2019-123470,2019-08-15,2019-08-23,Standard Processing,,,,,,,,Friday,2019-08
8895,CA-2019-167241,2019-08-15,2019-08-23,Standard Processing,,,,,,,,Friday,2019-08
7889,CA-2019-113117,2019-08-16,2019-08-23,Standard Processing,,,,,,,,Friday,2019-08
5630,US-2019-146066,2019-08-21,2019-08-26,Standard Processing,,,,,,,,Monday,2019-08
3350,US-2019-157308,2019-08-17,2019-08-26,Standard Processing,,,,,,,,Monday,2019-08
993,CA-2019-105585,2019-08-26,2019-08-28,Express,,,,,,,,Wednesday,2019-08
1463,CA-2019-152289,2019-08-26,2019-08-28,Express,,,,,,,,Wednesday,2019-08
9586,CA-2019-160598,2019-08-26,2019-08-28,Express,,,,,,,,Wednesday,2019-08
803,CA-2019-136133,2019-08-18,2019-08-28,Standard Processing,,,,,,,,Wednesday,2019-08
8831,CA-2019-167983,2019-08-21,2019-08-28,Standard Processing,,,,,,,,Wednesday,2019-08
2956,CA-2019-153353,2019-08-18,2019-08-28,Standard Processing,,,,,,,,Wednesday,2019-08
5312,CA-2019-123414,2019-08-21,2019-08-28,Standard Processing,,,,,,,,Wednesday,2019-08
9880,CA-2019-122581,2019-08-21,2019-08-28,Standard Processing,,,,,,,,Wednesday,2019-08
4107,US-2019-148334,2019-08-22,2019-08-28,Standard Processing,,,,,,,,Wednesday,2019-08
4900,CA-2019-130484,2019-08-22,2019-08-28,Standard Processing,,,,,,,,Wednesday,2019-08
7736,US-2019-106313,2019-08-22,2019-08-28,Standard Processing,,,,,,,,Wednesday,2019-08
5615,CA-2019-158001,2019-08-23,2019-08-28,Standard Processing,,,,,,,,Wednesday,2019-08
2857,CA-2019-128594,2019-08-26,2019-08-30,Express,,,,,,,,Friday,2019-08
8426,CA-2019-137652,2019-08-28,2019-08-30,Express,,,,,,,,Friday,2019-08
1870,CA-2019-148201,2019-08-26,2019-08-30,Standard Processing,,,,,,,,Friday,2019-08
4584,US-2019-100405,2019-08-26,2019-08-30,Standard Processing,,,,,,,,Friday,2019-08
5603,CA-2019-117919,2019-08-27,2019-08-30,Standard Processing,,,,,,,,Friday,2019-08
6865,US-2019-126452,2019-08-21,2019-08-30,Standard Processing,,,,,,,,Friday,2019-08
655,CA-2019-137239,2019-08-22,2019-08-30,Standard Processing,,,,,,,,Friday,2019-08
9617,CA-2019-140256,2019-08-22,2019-08-30,Standard Processing,,,,,,,,Friday,2019-08
7988,US-2019-117793,2019-08-23,2019-08-30,Standard Processing,,,,,,,,Friday,2019-08
4070,CA-2019-145303,2019-08-28,2019-09-03,Express,,,2019-09-10,,,7.0,13.0,Tuesday,2019-08
327,US-2019-141544,2019-08-30,2019-09-03,Express,,,,,,,,Tuesday,2019-08
3416,CA-2019-116540,2019-09-02,2019-09-03,Express,2019-09-02,2019-09-03,,0.0,1.0,,,Tuesday,2019-09
3017,US-2019-160528,2019-08-23,2019-09-03,Standard Processing,,,,,,,,Tuesday,2019-08
3113,CA-2019-150350,2019-08-23,2019-09-03,Standard Processing,,,,,,,,Tuesday,2019-08
6695,US-2019-163538,2019-08-26,2019-09-03,Standard Processing,,,,,,,,Tuesday,2019-08
8357,CA-2019-163174,2019-08-26,2019-09-03,Standard Processing,,,,,,,,Tuesday,2019-08
350,CA-2019-129714,2019-09-01,2019-09-04,Express,,,,,,,,Wednesday,2019-09
5429,CA-2019-113096,2019-09-02,2019-09-04,Express,,,2019-09-11,,,7.0,9.0,Wednesday,2019-09
6937,CA-2019-129847,2019-09-02,2019-09-04,Express,2019-09-04,2019-09-04,2019-09-10,2.0,0.0,6.0,8.0,Wednesday,2019-09
9929,CA-2019-129630,2019-09-04,2019-09-04,Express,2019-09-04,2019-09-04,2019-09-09,0.0,0.0,5.0,5.0,Wednesday,2019-09
3342,CA-2019-145982,2019-08-27,2019-09-04,Standard Processing,,,,,,,,Wednesday,2019-08
3932,CA-2019-132094,2019-08-26,2019-09-04,Standard Processing,,,,,,,,Wednesday,2019-08
5447,US-2019-127425,2019-08-26,2019-09-04,Standard Processing,,,,,,,,Wednesday,2019-08
7703,CA-2019-114601,2019-08-26,2019-09-04,Standard Processing,,,,,,,,Wednesday,2019-08
9311,US-2019-102141,2019-08-26,2019-09-04,Standard Processing,,,,,,,,Wednesday,2019-08
743,US-2019-146710,2019-08-27,2019-09-04,Standard Processing,,,2019-09-09,,,5.0,13.0,Wednesday,2019-08
7252,CA-2019-116764,2019-08-27,2019-09-04,Standard Processing,,,2019-09-09,,,5.0,13.0,Wednesday,2019-08
2692,US-2019-144211,2019-08-28,2019-09-04,Standard Processing,,,2019-09-09,,,5.0,12.0,Wednesday,2019-08
100,CA-2019-158568,2019-08-29,2019-09-04,Standard Processing,,,,,,,,Wednesday,2019-08
1176,CA-2019-161207,2019-08-29,2019-09-04,Standard Processing,,,,,,,,Wednesday,2019-08
4684,CA-2019-159912,2019-08-29,2019-09-04,Standard Processing,,,,,,,,Wednesday,2019-08
5774,CA-2019-117408,2019-08-31,2019-09-04,Standard Processing,,,,,,,,Wednesday,2019-08
963,CA-2019-120859,2019-09-01,2019-09-06,Express,,,,,,,,Friday,2019-09
870,CA-2019-158099,2019-09-03,2019-09-06,Express,2019-09-05,2019-09-06,2019-09-11,2.0,1.0,5.0,8.0,Friday,2019-09
2283,CA-2019-132143,2019-09-03,2019-09-06,Express,2019-09-05,2019-09-06,,2.0,1.0,,,Friday,2019-09
5354,US-2019-101616,2019-09-03,2019-09-06,Express,2019-09-06,2019-09-06,,3.0,0.0,,,Friday,2019-09
1281,CA-2019-160815,2019-09-05,2019-09-06,Express,,,,,,,,Friday,2019-09
4945,CA-2019-151372,2019-09-05,2019-09-06,Express,,,2019-09-10,,,4.0,5.0,Friday,2019-09
7482,CA-2019-124583,2019-09-01,2019-09-06,Standard Processing,,,2019-09-11,,,5.0,10.0,Friday,2019-09
9069,CA-2019-106278,2019-09-02,2019-09-06,Standard Processing,2019-09-05,2019-09-06,2019-09-10,3.0,1.0,4.0,8.0,Friday,2019-09
1242,CA-2019-128727,2019-08-29,2019-09-06,Standard Processing,,,2019-09-09,,,3.0,11.0,Friday,2019-08
7550,CA-2019-136595,2019-09-05,2019-09-09,Express,,,,,,,,Monday,2019-09
9142,CA-2019-139409,2019-09-05,2019-09-09,Express,,,2019-09-16,,,7.0,11.0,Monday,2019-09
4514,CA-2019-145240,2019-09-06,2019-09-09,Express,2019-09-09,2019-09-09,,3.0,0.0,,,Monday,2019-09
6834,CA-2019-153101,2019-09-08,2019-09-09,Express,,,,,,,,Monday,2019-09
6337,CA-2019-165995,2019-08-30,2019-09-09,Standard Processing,,,2019-09-16,,,7.0,17.0,Monday,2019-08
2143,CA-2019-155481,2019-09-01,2019-09-09,Standard Processing,,,,,,,,Monday,2019-09
6983,CA-2019-116526,2019-09-01,2019-09-09,Standard Processing,,,2019-09-12,,,3.0,11.0,Monday,2019-09
1408,CA-2019-130407,2019-09-02,2019-09-09,Standard Processing,2019-09-06,2019-09-09,,4.0,3.0,,,Monday,2019-09
7078,CA-2019-106950,2019-09-02,2019-09-09,Standard Processing,2019-09-06,2019-09-09,,4.0,3.0,,,Monday,2019-09
9233,CA-2019-126732,2019-09-02,2019-09-09,Standard Processing,2019-09-06,2019-09-09,,4.0,3.0,,,Monday,2019-09
3005,CA-2019-131499,2019-09-08,2019-09-11,Express,,,2019-09-16,,,5.0,8.0,Wednesday,2019-09
992,CA-2019-110023,2019-09-09,2019-09-11,Express,2019-09-11,2019-09-11,2019-09-16,2.0,0.0,5.0,7.0,Wednesday,2019-09
8679,CA-2019-112739,2019-09-02,2019-09-11,Standard Processing,,,,,,,,Wednesday,2019-09
6779,US-2019-147711,2019-09-03,2019-09-11,Standard Processing,2019-09-09,2019-09-11,,6.0,2.0,,,Wednesday,2019-09
5807,CA-2019-149783,2019-09-04,2019-09-11,Standard Processing,2019-09-09,2019-09-11,2019-09-16,5.0,2.0,5.0,12.0,Wednesday,2019-09
141,CA-2019-110366,2019-09-05,2019-09-11,Standard Processing,,,,,,,,Wednesday,2019-09
441,CA-2019-115756,2019-09-05,2019-09-11,Standard Processing,,,,,,,,Wednesday,2019-09
3874,CA-2019-136231,2019-09-05,2019-09-11,Standard Processing,,,,,,,,Wednesday,2019-09
5382,CA-2019-149195,2019-09-05,2019-09-11,Standard Processing,,,2019-09-13,,,2.0,8.0,Wednesday,2019-09
7071,CA-2019-164490,2019-09-05,2019-09-11,Standard Processing,,,,,,,,Wednesday,2019-09
1042,CA-2019-102981,2019-09-06,2019-09-11,Standard Processing,2019-09-09,2019-09-11,2019-09-16,3.0,2.0,5.0,10.0,Wednesday,2019-09
6077,CA-2019-151561,2019-09-01,2019-09-11,Standard Processing,,,,,,,,Wednesday,2019-09
6763,CA-2019-144764,2019-09-02,2019-09-11,Standard Processing,2019-09-09,2019-09-11,,7.0,2.0,,,Wednesday,2019-09
8179,CA-2019-166429,2019-09-02,2019-09-11,Standard Processing,,,2019-09-17,,,6.0,15.0,Wednesday,2019-09
1382,US-2019-100566,2019-09-03,2019-09-11,Standard Processing,2019-09-09,2019-09-11,,6.0,2.0,,,Wednesday,2019-09
2160,CA-2019-159737,2019-09-03,2019-09-11,Standard Processing,,,,,,,,Wednesday,2019-09
2772,CA-2019-163986,2019-09-03,2019-09-11,Standard Processing,2019-09-10,2019-09-11,,7.0,1.0,,,Wednesday,2019-09
7563,US-2019-104815,2019-09-03,2019-09-11,Standard Processing,,,,,,,,Wednesday,2019-09
8660,CA-2019-153185,2019-09-03,2019-09-11,Standard Processing,,,2019-09-16,,,5.0,13.0,Wednesday,2019-09
3788,CA-2019-169971,2019-09-04,2019-09-11,Standard Processing,2019-09-09,2019-09-11,,5.0,2.0,,,Wednesday,2019-09
5331,CA-2019-123120,2019-09-04,2019-09-11,Standard Processing,2019-09-09,2019-09-11,2019-09-16,5.0,2.0,5.0,12.0,Wednesday,2019-09
6037,CA-2019-131205,2019-09-04,2019-09-11,Standard Processing,2019-09-09,2019-09-11,,5.0,2.0,,,Wednesday,2019-09
8737,CA-2019-168774,2019-09-04,2019-09-11,Standard Processing,,,,,,,,Wednesday,2019-09
9073,CA-2019-142524,2019-09-04,2019-09-11,Standard Processing,2019-09-09,2019-09-11,,5.0,2.0,,,Wednesday,2019-09
9602,CA-2019-117604,2019-09-04,2019-09-11,Standard Processing,2019-09-09,2019-09-11,,5.0,2.0,,,Wednesday,2019-09
1795,CA-2019-140774,2019-09-05,2019-09-11,Standard Processing,,,,,,,,Wednesday,2019-09
3524,CA-2019-137673,2019-09-05,2019-09-11,Standard Processing,,,2019-09-16,,,5.0,11.0,Wednesday,2019-09
3617,CA-2019-154536,2019-09-05,2019-09-11,Standard Processing,,,2019-09-16,,,5.0,11.0,Wednesday,2019-09
4615,CA-2019-144540,2019-09-05,2019-09-11,Standard Processing,,,,,,,,Wednesday,2019-09
6876,US-2019-121013,2019-09-05,2019-09-11,Standard Processing,,,,,,,,Wednesday,2019-09
7591,CA-2019-158778,2019-09-05,2019-09-11,Standard Processing,,,,,,,,Wednesday,2019-09
7208,CA-2019-143476,2019-09-11,2019-09-13,Express,2019-09-13,2019-09-13,,2.0,0.0,,,Friday,2019-09
8770,CA-2019-151148,2019-09-12,2019-09-13,Express,,,,,,,,Friday,2019-09
399,CA-2019-108987,2019-09-08,2019-09-13,Standard Processing,,,,,,,,Friday,2019-09
2027,CA-2019-113516,2019-09-08,2019-09-13,Standard Processing,,,,,,,,Friday,2019-09
2206,CA-2019-164350,2019-09-10,2019-09-13,Standard Processing,2019-09-12,2019-09-13,,2.0,1.0,,,Friday,2019-09
9086,CA-2019-126102,2019-09-10,2019-09-13,Standard Processing,,,2019-09-18,,,5.0,8.0,Friday,2019-09
3145,US-2019-148110,2019-09-05,2019-09-13,Standard Processing,,,,,,,,Friday,2019-09
5880,CA-2019-133319,2019-09-05,2019-09-13,Standard Processing,,,,,,,,Friday,2019-09
6777,US-2019-152373,2019-09-05,2019-09-13,Standard Processing,,,2019-09-17,,,4.0,12.0,Friday,2019-09
7522,CA-2019-162383,2019-09-05,2019-09-13,Standard Processing,,,2019-09-19,,,6.0,14.0,Friday,2019-09
99,CA-2019-149223,2019-09-06,2019-09-13,Standard Processing,2019-09-11,2019-09-13,2019-09-17,5.0,2.0,4.0,11.0,Friday,2019-09
2686,CA-2019-133123,2019-09-06,2019-09-13,Standard Processing,2019-09-11,2019-09-13,2019-09-16,5.0,2.0,3.0,10.0,Friday,2019-09
5352,CA-2019-123932,2019-09-06,2019-09-13,Standard Processing,2019-09-12,2019-09-13,,6.0,1.0,,,Friday,2019-09
5414,CA-2019-153157,2019-09-11,2019-09-16,Express,2019-09-16,2019-09-16,,5.0,0.0,,,Monday,2019-09
2995,CA-2019-112893,2019-09-09,2019-09-16,Standard Processing,2019-09-13,2019-09-16,,4.0,3.0,,,Monday,2019-09
613,CA-2019-121223,2019-09-11,2019-09-16,Standard Processing,2019-09-13,2019-09-16,2019-09-19,2.0,3.0,3.0,8.0,Monday,2019-09
4393,CA-2019-108868,2019-09-08,2019-09-16,Standard Processing,,,,,,,,Monday,2019-09
5083,CA-2019-155138,2019-09-08,2019-09-16,Standard Processing,,,,,,,,Monday,2019-09
8892,CA-2019-162159,2019-09-16,2019-09-18,Express,,,2019-09-23,,,5.0,7.0,Wednesday,2019-09
3568,CA-2019-137176,2019-09-09,2019-09-18,Standard Processing,2019-09-16,2019-09-18,,7.0,2.0,,,Wednesday,2019-09
1619,US-2019-118780,2019-09-10,2019-09-18,Standard Processing,2019-09-16,2019-09-18,2019-09-23,6.0,2.0,5.0,13.0,Wednesday,2019-09
2494,CA-2019-146206,2019-09-10,2019-09-18,Standard Processing,2019-09-16,2019-09-18,2019-09-23,6.0,2.0,5.0,13.0,Wednesday,2019-09
310,CA-2019-142902,2019-09-12,2019-09-18,Standard Processing,,,,,,,,Wednesday,2019-09
2544,US-2019-114174,2019-09-08,2019-09-18,Standard Processing,,,,,,,,Wednesday,2019-09
2591,US-2019-115455,2019-09-08,2019-09-18,Standard Processing,,,,,,,,Wednesday,2019-09
7401,CA-2019-110009,2019-09-08,2019-09-18,Standard Processing,,,,,,,,Wednesday,2019-09
7464,CA-2019-103709,2019-09-08,2019-09-18,Standard Processing,,,,,,,,Wednesday,2019-09
6707,CA-2019-112277,2019-09-10,2019-09-18,Standard Processing,2019-09-16,2019-09-18,,6.0,2.0,,,Wednesday,2019-09
8615,CA-2019-165918,2019-09-10,2019-09-18,Standard Processing,2019-09-16,2019-09-18,,6.0,2.0,,,Wednesday,2019-09
251,CA-2019-145625,2019-09-11,2019-09-18,Standard Processing,2019-09-17,2019-09-18,2019-09-23,6.0,1.0,5.0,12.0,Wednesday,2019-09
3594,CA-2019-164154,2019-09-11,2019-09-18,Standard Processing,2019-09-17,2019-09-18,,6.0,1.0,,,Wednesday,2019-09
4640,CA-2019-102162,2019-09-11,2019-09-18,Standard Processing,2019-09-16,2019-09-18,,5.0,2.0,,,Wednesday,2019-09
5240,CA-2019-116561,2019-09-11,2019-09-18,Standard Processing,,,2019-09-23,,,5.0,12.0,Wednesday,2019-09
6109,CA-2019-150007,2019-09-11,2019-09-18,Standard Processing,2019-09-16,2019-09-18,,5.0,2.0,,,Wednesday,2019-09
9973,CA-2019-130225,2019-09-11,2019-09-18,Standard Processing,2019-09-17,2019-09-18,2019-09-23,6.0,1.0,5.0,12.0,Wednesday,2019-09
6725,CA-2019-128811,2019-09-12,2019-09-18,Standard Processing,,,,,,,,Wednesday,2019-09
6842,CA-2019-123946,2019-09-12,2019-09-18,Standard Processing,,,,,,,,Wednesday,2019-09
8807,CA-2019-113082,2019-09-12,2019-09-18,Standard Processing,,,,,,,,Wednesday,2019-09
3542,CA-2019-157511,2019-09-18,2019-09-20,Express,,,,,,,,Friday,2019-09
658,US-2019-156097,2019-09-19,2019-09-20,Express,,,,,,,,Friday,2019-09
7253,CA-2019-152457,2019-09-12,2019-09-20,Standard Processing,,,,,,,,Friday,2019-09
7380,CA-2019-105732,2019-09-13,2019-09-20,Standard Processing,,,2019-09-25,,,5.0,12.0,Friday,2019-09
2021,CA-2019-168354,2019-09-19,2019-09-23,Express,,,,,,,,Monday,2019-09
4582,CA-2019-120250,2019-09-19,2019-09-23,Express,,,,,,,,Monday,2019-09
7166,CA-2019-158610,2019-09-19,2019-09-23,Express,2019-09-23,2019-09-23,,4.0,0.0,,,Monday,2019-09
9090,CA-2019-131093,2019-09-17,2019-09-23,Standard Processing,,,,,,,,Monday,2019-09
2554,CA-2019-155439,2019-09-14,2019-09-23,Standard Processing,,,,,,,,Monday,2019-09
9781,CA-2019-153178,2019-09-14,2019-09-23,Standard Processing,,,,,,,,Monday,2019-09
817,CA-2019-149370,2019-09-15,2019-09-23,Standard Processing,,,,,,,,Monday,2019-09
5397,US-2019-147340,2019-09-24,2019-09-25,Express,2019-09-24,2019-09-25,,0.0,1.0,,,Wednesday,2019-09
2881,CA-2019-102932,2019-09-19,2019-09-25,Standard Processing,2019-09-23,2019-09-25,2019-09-30,4.0,2.0,5.0,11.0,Wednesday,2019-09
4770,US-2019-114888,2019-09-19,2019-09-25,Standard Processing,2019-09-24,2019-09-25,,5.0,1.0,,,Wednesday,2019-09
925,CA-2019-149797,2019-09-15,2019-09-25,Standard Processing,,,,,,,,Wednesday,2019-09
4517,US-2019-128678,2019-09-15,2019-09-25,Standard Processing,,,,,,,,Wednesday,2019-09
8783,CA-2019-116911,2019-09-15,2019-09-25,Standard Processing,,,2019-09-30,,,5.0,15.0,Wednesday,2019-09
9427,CA-2019-160479,2019-09-15,2019-09-25,Standard Processing,,,2019-09-30,,,5.0,15.0,Wednesday,2019-09
6999,US-2019-134369,2019-09-16,2019-09-25,Standard Processing,,,,,,,,Wednesday,2019-09
7271,CA-2019-123337,2019-09-16,2019-09-25,Standard Processing,,,2019-09-27,,,2.0,11.0,Wednesday,2019-09
90,CA-2019-109806,2019-09-17,2019-09-25,Standard Processing,,,,,,,,Wednesday,2019-09
1508,CA-2019-134208,2019-09-17,2019-09-25,Standard Processing,,,2019-09-26,,,1.0,9.0,Wednesday,2019-09
2256,CA-2019-164091,2019-09-17,2019-09-25,Standard Processing,,,,,,,,Wednesday,2019-09
3249,CA-2019-159730,2019-09-17,2019-09-25,Standard Processing,,,,,,,,Wednesday,2019-09
3311,CA-2019-111416,2019-09-17,2019-09-25,Standard Processing,,,,,,,,Wednesday,2019-09
3720,CA-2019-105900,2019-09-17,2019-09-25,Standard Processing,,,2019-09-30,,,5.0,13.0,Wednesday,2019-09
9028,US-2019-152415,2019-09-17,2019-09-25,Standard Processing,,,2019-09-30,,,5.0,13.0,Wednesday,2019-09
9449,US-2019-148957,2019-09-17,2019-09-25,Standard Processing,,,,,,,,Wednesday,2019-09
71,CA-2019-106075,2019-09-18,2019-09-25,Standard Processing,,,2019-09-30,,,5.0,12.0,Wednesday,2019-09
756,CA-2019-140928,2019-09-18,2019-09-25,Standard Processing,,,,,,,,Wednesday,2019-09
2014,CA-2019-145905,2019-09-18,2019-09-25,Standard Processing,,,2019-09-30,,,5.0,12.0,Wednesday,2019-09
4664,CA-2019-111409,2019-09-18,2019-09-25,Standard Processing,,,,,,,,Wednesday,2019-09
5881,CA-2019-133935,2019-09-18,2019-09-25,Standard Processing,,,2019-09-30,,,5.0,12.0,Wednesday,2019-09
9613,CA-2019-110086,2019-09-18,2019-09-25,Standard Processing,,,,,,,,Wednesday,2019-09
2118,CA-2019-130267,2019-09-19,2019-09-25,Standard Processing,2019-09-23,2019-09-25,,4.0,2.0,,,Wednesday,2019-09
3718,CA-2019-142370,2019-09-19,2019-09-25,Standard Processing,2019-09-23,2019-09-25,,4.0,2.0,,,Wednesday,2019-09
8468,CA-2019-168557,2019-09-19,2019-09-25,Standard Processing,2019-09-23,2019-09-25,2019-09-30,4.0,2.0,5.0,11.0,Wednesday,2019-09
3411,CA-2019-100244,2019-09-20,2019-09-25,Standard Processing,2019-09-24,2019-09-25,2019-09-30,4.0,1.0,5.0,10.0,Wednesday,2019-09
8046,CA-2019-145611,2019-09-20,2019-09-25,Standard Processing,2019-09-24,2019-09-25,2019-09-30,4.0,1.0,5.0,10.0,Wednesday,2019-09
8484,CA-2019-126284,2019-09-20,2019-09-25,Standard Processing,2019-09-24,2019-09-25,,4.0,1.0,,,Wednesday,2019-09
9281,CA-2019-166772,2019-09-20,2019-09-25,Standard Processing,2019-09-24,2019-09-25,2019-09-30,4.0,1.0,5.0,10.0,Wednesday,2019-09
8177,CA-2019-135965,2019-09-22,2019-09-27,Express,,,,,,,,Friday,2019-09
5299,CA-2019-106656,2019-09-23,2019-09-27,Express,,,,,,,,Friday,2019-09
6263,CA-2019-132479,2019-09-24,2019-09-27,Express,2019-09-26,2019-09-27,,2.0,1.0,,,Friday,2019-09
9538,CA-2019-148747,2019-09-25,2019-09-27,Express,,,,,,,,Friday,2019-09
5213,CA-2019-145898,2019-09-26,2019-09-27,Express,,,2019-10-01,,,4.0,5.0,Friday,2019-09
9414,CA-2019-132017,2019-09-26,2019-09-27,Express,,,,,,,,Friday,2019-09
9875,CA-2019-166653,2019-09-22,2019-09-27,Standard Processing,,,2019-10-01,,,4.0,9.0,Friday,2019-09
5242,CA-2019-110730,2019-09-23,2019-09-27,Standard Processing,,,2019-10-03,,,6.0,10.0,Friday,2019-09
6053,CA-2019-124016,2019-09-23,2019-09-27,Standard Processing,,,,,,,,Friday,2019-09
2331,CA-2019-155187,2019-09-24,2019-09-27,Standard Processing,2019-09-26,2019-09-27,,2.0,1.0,,,Friday,2019-09
4347,CA-2019-120355,2019-09-18,2019-09-27,Standard Processing,,,2019-10-01,,,4.0,13.0,Friday,2019-09
5606,CA-2019-134516,2019-09-20,2019-09-27,Standard Processing,2019-09-25,2019-09-27,,5.0,2.0,,,Friday,2019-09
4665,CA-2019-116232,2019-09-22,2019-09-30,Standard Processing,,,2019-10-04,,,4.0,12.0,Monday,2019-09
9721,CA-2019-119641,2019-09-22,2019-09-30,Standard Processing,,,,,,,,Monday,2019-09
2369,US-2019-129469,2019-09-23,2019-09-30,Standard Processing,,,2019-10-03,,,3.0,10.0,Monday,2019-09
9351,CA-2019-159009,2019-09-23,2019-09-30,Standard Processing,,,,,,,,Monday,2019-09
1077,CA-2019-161781,2019-09-29,2019-10-02,Express,,,,,,,,Wednesday,2019-09
1068,CA-2019-157686,2019-10-01,2019-10-02,Express,,,,,,,,Wednesday,2019-10
1264,CA-2019-155992,2019-10-01,2019-10-02,Express,,,,,,,,Wednesday,2019-10
2667,CA-2019-111794,2019-10-01,2019-10-02,Express,,,,,,,,Wednesday,2019-10
3746,CA-2019-149979,2019-09-23,2019-10-02,Standard Processing,,,2019-10-07,,,5.0,14.0,Wednesday,2019-09
5634,CA-2019-101742,2019-09-23,2019-10-02,Standard Processing,,,,,,,,Wednesday,2019-09
4190,CA-2019-157714,2019-09-26,2019-10-02,Standard Processing,,,,,,,,Wednesday,2019-09
7126,CA-2019-123176,2019-09-27,2019-10-02,Standard Processing,2019-09-30,2019-10-02,,3.0,2.0,,,Wednesday,2019-09
3621,CA-2019-109743,2019-09-22,2019-10-02,Standard Processing,,,,,,,,Wednesday,2019-09
3965,CA-2019-120257,2019-09-22,2019-10-02,Standard Processing,,,,,,,,Wednesday,2019-09
6465,US-2019-155404,2019-09-22,2019-10-02,Standard Processing,,,2019-10-07,,,5.0,15.0,Wednesday,2019-09
7354,CA-2019-151974,2019-09-22,2019-10-02,Standard Processing,,,,,,,,Wednesday,2019-09
9447,CA-2019-158617,2019-09-22,2019-10-02,Standard Processing,,,,,,,,Wednesday,2019-09
9554,CA-2019-125724,2019-09-22,2019-10-02,Standard Processing,,,,,,,,Wednesday,2019-09
9983,US-2019-157728,2019-09-22,2019-10-02,Standard Processing,,,,,,,,Wednesday,2019-09
1314,US-2019-134488,2019-09-24,2019-10-02,Standard Processing,2019-10-01,2019-10-02,,7.0,1.0,,,Wednesday,2019-09
5662,CA-2019-108875,2019-09-24,2019-10-02,Standard Processing,2019-10-01,2019-10-02,,7.0,1.0,,,Wednesday,2019-09
5681,CA-2019-141551,2019-09-24,2019-10-02,Standard Processing,2019-09-30,2019-10-02,2019-10-07,6.0,2.0,5.0,13.0,Wednesday,2019-09
5872,CA-2019-154235,2019-09-24,2019-10-02,Standard Processing,2019-09-30,2019-10-02,,6.0,2.0,,,Wednesday,2019-09
6284,CA-2019-100944,2019-09-24,2019-10-02,Standard Processing,2019-09-30,2019-10-02,,6.0,2.0,,,Wednesday,2019-09
1410,US-2019-122245,2019-09-25,2019-10-02,Standard Processing,,,,,,,,Wednesday,2019-09
1459,CA-2019-123722,2019-09-25,2019-10-02,Standard Processing,,,2019-10-07,,,5.0,12.0,Wednesday,2019-09
4081,CA-2019-140417,2019-09-25,2019-10-02,Standard Processing,,,2019-10-07,,,5.0,12.0,Wednesday,2019-09
4519,CA-2019-101385,2019-09-25,2019-10-02,Standard Processing,,,,,,,,Wednesday,2019-09
5620,US-2019-124163,2019-09-25,2019-10-02,Standard Processing,,,,,,,,Wednesday,2019-09
7725,CA-2019-113978,2019-09-25,2019-10-02,Standard Processing,,,2019-10-07,,,5.0,12.0,Wednesday,2019-09
9837,US-2019-125402,2019-09-25,2019-10-02,Standard Processing,,,,,,,,Wednesday,2019-09
458,US-2019-157945,2019-09-26,2019-10-02,Standard Processing,,,,,,,,Wednesday,2019-09
2651,US-2019-146794,2019-09-26,2019-10-02,Standard Processing,,,,,,,,Wednesday,2019-09
4032,CA-2019-169957,2019-09-26,2019-10-02,Standard Processing,,,,,,,,Wednesday,2019-09
5724,CA-2019-165820,2019-09-26,2019-10-02,Standard Processing,,,,,,,,Wednesday,2019-09
7730,US-2019-109260,2019-09-26,2019-10-02,Standard Processing,,,,,,,,Wednesday,2019-09
8322,US-2019-149790,2019-09-26,2019-10-02,Standard Processing,,,2019-10-08,,,6.0,12.0,Wednesday,2019-09
9087,CA-2019-143406,2019-09-26,2019-10-02,Standard Processing,,,2019-10-07,,,5.0,11.0,Wednesday,2019-09
377,US-2019-134656,2019-09-28,2019-10-04,Express,,,,,,,,Friday,2019-09
868,CA-2019-134362,2019-09-29,2019-10-04,Express,,,,,,,,Friday,2019-09
4225,CA-2019-108644,2019-09-30,2019-10-04,Express,,,2019-10-07,,,3.0,7.0,Friday,2019-09
4513,CA-2019-118969,2019-10-02,2019-10-04,Express,,,,,,,,Friday,2019-10
4304,CA-2019-121601,2019-10-04,2019-10-04,Express,,,,,,,,Friday,2019-10
1683,US-2019-101497,2019-09-29,2019-10-04,Standard Processing,,,,,,,,Friday,2019-09
8088,CA-2019-106621,2019-09-29,2019-10-04,Standard Processing,,,,,,,,Friday,2019-09
2404,US-2019-110170,2019-09-27,2019-10-04,Standard Processing,2019-10-03,2019-10-04,,6.0,1.0,,,Friday,2019-09
5399,CA-2019-163202,2019-09-27,2019-10-04,Standard Processing,2019-10-02,2019-10-04,2019-10-07,5.0,2.0,3.0,10.0,Friday,2019-09
6908,CA-2019-140249,2019-09-27,2019-10-04,Standard Processing,,,2019-10-08,,,4.0,11.0,Friday,2019-09
6265,US-2019-115952,2019-10-06,2019-10-07,Express,,,2019-10-10,,,3.0,4.0,Monday,2019-10
3500,CA-2019-108616,2019-09-29,2019-10-07,Standard Processing,,,,,,,,Monday,2019-09
5357,CA-2019-138037,2019-09-29,2019-10-07,Standard Processing,,,2019-10-11,,,4.0,12.0,Monday,2019-09
9332,CA-2019-108056,2019-09-29,2019-10-07,Standard Processing,,,,,,,,Monday,2019-09
9987,CA-2019-125794,2019-09-29,2019-10-07,Standard Processing,,,2019-10-11,,,4.0,12.0,Monday,2019-09
6946,CA-2019-106243,2019-09-30,2019-10-07,Standard Processing,2019-10-04,2019-10-07,,4.0,3.0,,,Monday,2019-09
7642,US-2019-157490,2019-10-06,2019-10-09,Express,,,,,,,,Wednesday,2019-10
4751,CA-2019-127649,2019-10-07,2019-10-09,Express,,,,,,,,Wednesday,2019-10
5507,US-2019-162026,2019-10-08,2019-10-09,Express,,,2019-10-14,,,5.0,6.0,Wednesday,2019-10
7192,CA-2019-116918,2019-10-01,2019-10-09,Standard Processing,,,2019-10-14,,,5.0,13.0,Wednesday,2019-10
897,CA-2019-140634,2019-10-03,2019-10-09,Standard Processing,,,,,,,,Wednesday,2019-10
2229,CA-2019-139157,2019-10-01,2019-10-09,Standard Processing,,,,,,,,Wednesday,2019-10
2993,CA-2019-134376,2019-10-02,2019-10-09,Standard Processing,,,2019-10-14,,,5.0,12.0,Wednesday,2019-10
981,CA-2019-144939,2019-10-03,2019-10-09,Standard Processing,,,2019-10-14,,,5.0,11.0,Wednesday,2019-10
6370,CA-2019-103919,2019-10-03,2019-10-09,Standard Processing,,,2019-10-14,,,5.0,11.0,Wednesday,2019-10
7872,CA-2019-101672,2019-10-03,2019-10-09,Standard Processing,,,,,,,,Wednesday,2019-10
7666,US-2019-140158,2019-10-04,2019-10-09,Standard Processing,,,2019-10-11,,,2.0,7.0,Wednesday,2019-10
8922,CA-2019-145709,2019-10-04,2019-10-09,Standard Processing,,,,,,,,Wednesday,2019-10
6377,CA-2019-163216,2019-10-07,2019-10-11,Express,,,,,,,,Friday,2019-10
6826,CA-2019-118689,2019-10-02,2019-10-11,Standard Processing,,,2019-10-14,,,3.0,12.0,Friday,2019-10
8157,CA-2019-131296,2019-10-04,2019-10-11,Standard Processing,,,2019-10-17,,,6.0,13.0,Friday,2019-10
7968,CA-2019-157707,2019-10-10,2019-10-15,Express,,,,,,,,Tuesday,2019-10
9835,CA-2019-126627,2019-10-10,2019-10-15,Express,,,,,,,,Tuesday,2019-10
6507,US-2019-128909,2019-10-09,2019-10-15,Standard Processing,,,,,,,,Tuesday,2019-10
8007,CA-2019-139808,2019-10-07,2019-10-15,Standard Processing,,,2019-10-21,,,6.0,14.0,Tuesday,2019-10
3449,CA-2019-162614,2019-10-07,2019-10-16,Standard Processing,,,,,,,,Wednesday,2019-10
5004,CA-2019-155033,2019-10-07,2019-10-16,Standard Processing,,,,,,,,Wednesday,2019-10
2557,US-2019-126844,2019-10-08,2019-10-16,Standard Processing,,,2019-10-21,,,5.0,13.0,Wednesday,2019-10
5767,CA-2019-149685,2019-10-08,2019-10-16,Standard Processing,,,2019-10-21,,,5.0,13.0,Wednesday,2019-10
5975,CA-2019-135636,2019-10-08,2019-10-16,Standard Processing,,,2019-10-21,,,5.0,13.0,Wednesday,2019-10
2785,CA-2019-116974,2019-10-09,2019-10-16,Standard Processing,,,2019-10-21,,,5.0,12.0,Wednesday,2019-10
7357,CA-2019-114748,2019-10-09,2019-10-16,Standard Processing,,,2019-10-21,,,5.0,12.0,Wednesday,2019-10
7273,US-2019-150357,2019-10-10,2019-10-16,Standard Processing,,,,,,,,Wednesday,2019-10
9751,CA-2019-113390,2019-10-11,2019-10-16,Standard Processing,,,2019-10-21,,,5.0,10.0,Wednesday,2019-10
1499,CA-2019-141586,2019-10-17,2019-10-21,Express,,,,,,,,Monday,2019-10
9201,CA-2019-152688,2019-10-17,2019-10-21,Express,,,,,,,,Monday,2019-10
367,CA-2019-155516,2019-10-21,2019-10-21,Express,,,,,,,,Monday,2019-10
1864,US-2019-100839,2019-10-13,2019-10-21,Standard Processing,,,2019-10-23,,,2.0,10.0,Monday,2019-10
1485,US-2019-108098,2019-10-14,2019-10-21,Standard Processing,,,,,,,,Monday,2019-10
9505,CA-2019-113607,2019-10-14,2019-10-21,Standard Processing,,,,,,,,Monday,2019-10
6611,CA-2019-168921,2019-10-20,2019-10-23,Express,,,2019-10-28,,,5.0,8.0,Wednesday,2019-10
4186,CA-2019-111493,2019-10-21,2019-10-23,Express,,,2019-10-28,,,5.0,7.0,Wednesday,2019-10
6580,CA-2019-169887,2019-10-22,2019-10-23,Express,,,2019-10-28,,,5.0,6.0,Wednesday,2019-10
8890,CA-2019-147256,2019-10-17,2019-10-23,Standard Processing,,,2019-10-28,,,5.0,11.0,Wednesday,2019-10
134,CA-2019-145583,2019-10-13,2019-10-23,Standard Processing,,,,,,,,Wednesday,2019-10
2164,CA-2019-154018,2019-10-13,2019-10-23,Standard Processing,,,,,,,,Wednesday,2019-10
6441,CA-2019-101161,2019-10-13,2019-10-23,Standard Processing,,,,,,,,Wednesday,2019-10
3801,CA-2019-156503,2019-10-14,2019-10-23,Standard Processing,,,2019-10-28,,,5.0,14.0,Wednesday,2019-10
9514,CA-2019-125220,2019-10-14,2019-10-23,Standard Processing,,,,,,,,Wednesday,2019-10
2176,CA-2019-125738,2019-10-15,2019-10-23,Standard Processing,,,2019-10-28,,,5.0,13.0,Wednesday,2019-10
2519,CA-2019-124352,2019-10-15,2019-10-23,Standard Processing,,,2019-10-28,,,5.0,13.0,Wednesday,2019-10
3695,CA-2019-142097,2019-10-15,2019-10-23,Standard Processing,,,,,,,,Wednesday,2019-10
7317,CA-2019-132066,2019-10-16,2019-10-23,Standard Processing,,,,,,,,Wednesday,2019-10
8371,CA-2019-163972,2019-10-17,2019-10-23,Standard Processing,,,,,,,,Wednesday,2019-10
2886,US-2019-159856,2019-10-18,2019-10-23,Standard Processing,,,,,,,,Wednesday,2019-10
513,CA-2019-106341,2019-10-20,2019-10-25,Express,,,2019-10-30,,,5.0,10.0,Friday,2019-10
884,CA-2019-165148,2019-10-22,2019-10-25,Express,,,,,,,,Friday,2019-10
3977,US-2019-116400,2019-10-22,2019-10-25,Express,,,,,,,,Friday,2019-10
6634,CA-2019-166275,2019-10-24,2019-10-25,Express,,,,,,,,Friday,2019-10
7822,CA-2019-169334,2019-10-21,2019-10-25,Standard Processing,,,,,,,,Friday,2019-10
2801,CA-2019-153318,2019-10-25,2019-10-28,Express,,,2019-11-04,,,7.0,10.0,Monday,2019-10
1235,CA-2019-144344,2019-10-28,2019-10-28,Express,,,,,,,,Monday,2019-10
7203,CA-2019-120369,2019-10-28,2019-10-28,Express,,,2019-10-31,,,3.0,3.0,Monday,2019-10
6206,CA-2019-133697,2019-10-20,2019-10-28,Standard Processing,,,,,,,,Monday,2019-10
2776,CA-2019-144729,2019-10-21,2019-10-28,Standard Processing,,,,,,,,Monday,2019-10
8030,CA-2019-166373,2019-10-21,2019-10-28,Standard Processing,,,,,,,,Monday,2019-10
382,CA-2019-134775,2019-10-28,2019-10-30,Express,,,,,,,,Wednesday,2019-10
7817,CA-2019-138478,2019-10-21,2019-10-30,Standard Processing,,,,,,,,Wednesday,2019-10
5624,CA-2019-121748,2019-10-24,2019-10-30,Standard Processing,,,,,,,,Wednesday,2019-10
6219,CA-2019-160220,2019-10-20,2019-10-30,Standard Processing,,,,,,,,Wednesday,2019-10
8086,CA-2019-105753,2019-10-20,2019-10-30,Standard Processing,,,,,,,,Wednesday,2019-10
8273,CA-2019-139549,2019-10-20,2019-10-30,Standard Processing,,,,,,,,Wednesday,2019-10
1105,CA-2019-112340,2019-10-21,2019-10-30,Standard Processing,,,,,,,,Wednesday,2019-10
3486,CA-2019-151169,2019-10-21,2019-10-30,Standard Processing,,,,,,,,Wednesday,2019-10
6204,CA-2019-133669,2019-10-21,2019-10-30,Standard Processing,,,,,,,,Wednesday,2019-10
6286,CA-2019-125080,2019-10-21,2019-10-30,Standard Processing,,,2019-11-04,,,5.0,14.0,Wednesday,2019-10
9707,CA-2019-161746,2019-10-21,2019-10-30,Standard Processing,,,,,,,,Wednesday,2019-10
9806,CA-2019-136322,2019-10-21,2019-10-30,Standard Processing,,,,,,,,Wednesday,2019-10
652,CA-2019-132661,2019-10-23,2019-10-30,Standard Processing,,,,,,,,Wednesday,2019-10
1810,CA-2019-165484,2019-10-23,2019-10-30,Standard Processing,,,,,,,,Wednesday,2019-10
5136,CA-2019-151323,2019-10-23,2019-10-30,Standard Processing,,,,,,,,Wednesday,2019-10
7760,CA-2019-158925,2019-10-24,2019-10-30,Standard Processing,,,,,,,,Wednesday,2019-10
8694,CA-2019-118311,2019-10-24,2019-10-30,Standard Processing,,,2019-11-04,,,5.0,11.0,Wednesday,2019-10
3168,CA-2019-146682,2019-10-29,2019-11-01,Express,,,2019-11-07,,,6.0,9.0,Friday,2019-10
6287,CA-2019-121020,2019-10-24,2019-11-01,Standard Processing,,,,,,,,Friday,2019-10
3378,CA-2019-100671,2019-11-01,2019-11-04,Express,,,,,,,,Monday,2019-11
665,CA-2019-143308,2019-11-04,2019-11-04,Express,,,,,,,,Monday,2019-11
6135,CA-2019-146766,2019-11-04,2019-11-04,Express,,,,,,,,Monday,2019-11
4951,CA-2019-125815,2019-10-28,2019-11-04,Standard Processing,,,2019-11-08,,,4.0,11.0,Monday,2019-10
6241,US-2019-131912,2019-10-29,2019-11-04,Standard Processing,,,,,,,,Monday,2019-10
8598,US-2019-117387,2019-10-27,2019-11-04,Standard Processing,,,2019-11-08,,,4.0,12.0,Monday,2019-10
9533,CA-2019-116596,2019-10-27,2019-11-04,Standard Processing,,,,,,,,Monday,2019-10
218,CA-2019-130162,2019-10-28,2019-11-04,Standard Processing,,,,,,,,Monday,2019-10
8942,CA-2019-159023,2019-11-03,2019-11-06,Express,,,2019-11-11,,,5.0,8.0,Wednesday,2019-11
2946,CA-2019-166443,2019-11-04,2019-11-06,Express,,,2019-11-11,,,5.0,7.0,Wednesday,2019-11
5699,CA-2019-143441,2019-11-05,2019-11-06,Express,,,2019-11-11,,,5.0,6.0,Wednesday,2019-11
4515,CA-2019-120873,2019-10-27,2019-11-06,Standard Processing,,,2019-11-11,,,5.0,15.0,Wednesday,2019-10
6138,US-2019-142251,2019-10-31,2019-11-06,Standard Processing,,,2019-11-11,,,5.0,11.0,Wednesday,2019-10
479,CA-2019-152632,2019-10-27,2019-11-06,Standard Processing,,,2019-11-11,,,5.0,15.0,Wednesday,2019-10
4387,CA-2019-156811,2019-10-27,2019-11-06,Standard Processing,,,2019-11-11,,,5.0,15.0,Wednesday,2019-10
299,CA-2019-142545,2019-10-28,2019-11-06,Standard Processing,,,,,,,,Wednesday,2019-10
1262,US-2019-144393,2019-10-28,2019-11-06,Standard Processing,,,,,,,,Wednesday,2019-10
3878,CA-2019-140641,2019-10-28,2019-11-06,Standard Processing,,,,,,,,Wednesday,2019-10
1536,CA-2019-112389,2019-10-29,2019-11-06,Standard Processing,,,2019-11-11,,,5.0,13.0,Wednesday,2019-10
3292,CA-2019-167290,2019-10-30,2019-11-06,Standard Processing,,,,,,,,Wednesday,2019-10
9203,CA-2019-153836,2019-10-30,2019-11-06,Standard Processing,,,,,,,,Wednesday,2019-10
9702,CA-2019-105291,2019-10-30,2019-11-06,Standard Processing,,,,,,,,Wednesday,2019-10
3787,CA-2019-144218,2019-10-31,2019-11-06,Standard Processing,,,,,,,,Wednesday,2019-10
6419,CA-2019-140130,2019-10-31,2019-11-06,Standard Processing,,,,,,,,Wednesday,2019-10
9760,CA-2019-146913,2019-10-31,2019-11-06,Standard Processing,,,2019-11-11,,,5.0,11.0,Wednesday,2019-10
1401,CA-2019-159212,2019-11-01,2019-11-06,Standard Processing,,,,,,,,Wednesday,2019-11
2474,CA-2019-114972,2019-11-03,2019-11-08,Express,,,,,,,,Friday,2019-11
5177,CA-2019-148908,2019-11-05,2019-11-08,Express,,,,,,,,Friday,2019-11
8963,CA-2019-157280,2019-11-05,2019-11-08,Express,,,2019-11-11,,,3.0,6.0,Friday,2019-11
6306,CA-2019-163328,2019-11-04,2019-11-08,Standard Processing,,,,,,,,Friday,2019-11
7783,CA-2019-162236,2019-11-04,2019-11-08,Standard Processing,,,,,,,,Friday,2019-11
7307,CA-2019-144092,2019-11-05,2019-11-08,Standard Processing,,,,,,,,Friday,2019-11
2448,CA-2019-119165,2019-10-31,2019-11-08,Standard Processing,,,,,,,,Friday,2019-10
4061,CA-2019-129196,2019-11-01,2019-11-08,Standard Processing,,,,,,,,Friday,2019-11
4971,US-2019-153815,2019-11-06,2019-11-12,Express,,,,,,,,Tuesday,2019-11
843,CA-2019-161669,2019-11-07,2019-11-12,Express,,,2019-11-18,,,6.0,11.0,Tuesday,2019-11
4844,US-2019-139388,2019-11-07,2019-11-12,Express,,,,,,,,Tuesday,2019-11
8063,CA-2019-132997,2019-11-07,2019-11-12,Express,,,,,,,,Tuesday,2019-11
703,CA-2019-163755,2019-11-04,2019-11-12,Standard Processing,,,,,,,,Tuesday,2019-11
575,CA-2019-127250,2019-11-03,2019-11-12,Standard Processing,,,,,,,,Tuesday,2019-11
8967,CA-2019-134180,2019-11-03,2019-11-12,Standard Processing,,,,,,,,Tuesday,2019-11
6773,CA-2019-119018,2019-11-04,2019-11-12,Standard Processing,,,2019-11-18,,,6.0,14.0,Tuesday,2019-11
8869,CA-2019-158260,2019-11-04,2019-11-12,Standard Processing,,,,,,,,Tuesday,2019-11
9322,US-2019-111563,2019-11-04,2019-11-12,Standard Processing,,,,,,,,Tuesday,2019-11
895,CA-2019-105494,2019-11-10,2019-11-13,Express,,,2019-11-19,,,6.0,9.0,Wednesday,2019-11
1291,CA-2019-163384,2019-11-10,2019-11-13,Express,,,,,,,,Wednesday,2019-11
8568,US-2019-136581,2019-11-10,2019-11-13,Express,,,,,,,,Wednesday,2019-11
8802,CA-2019-140935,2019-11-10,2019-11-13,Express,,,2019-11-15,,,2.0,5.0,Wednesday,2019-11
7331,CA-2019-149349,2019-11-12,2019-11-13,Express,,,,,,,,Wednesday,2019-11
4431,CA-2019-168893,2019-11-03,2019-11-13,Standard Processing,,,,,,,,Wednesday,2019-11
129,US-2019-125969,2019-11-06,2019-11-13,Standard Processing,,,,,,,,Wednesday,2019-11
4984,CA-2019-109925,2019-11-06,2019-11-13,Standard Processing,,,,,,,,Wednesday,2019-11
1,CA-2019-152156,2019-11-08,2019-11-13,Standard Processing,,,2019-11-18,,,5.0,10.0,Wednesday,2019-11
112,CA-2019-128867,2019-11-03,2019-11-13,Standard Processing,,,,,,,,Wednesday,2019-11
4481,CA-2019-109365,2019-11-03,2019-11-13,Standard Processing,,,,,,,,Wednesday,2019-11
7046,CA-2019-160136,2019-11-03,2019-11-13,Standard Processing,,,,,,,,Wednesday,2019-11
6729,CA-2019-165827,2019-11-04,2019-11-13,Standard Processing,,,,,,,,Wednesday,2019-11
2450,CA-2019-140207,2019-11-05,2019-11-13,Standard Processing,,,,,,,,Wednesday,2019-11
2784,US-2019-106677,2019-11-05,2019-11-13,Standard Processing,,,,,,,,Wednesday,2019-11
4265,US-2019-131611,2019-11-05,2019-11-13,Standard Processing,,,,,,,,Wednesday,2019-11
4370,US-2019-165078,2019-11-05,2019-11-13,Standard Processing,,,2019-11-18,,,5.0,13.0,Wednesday,2019-11
6939,CA-2019-125094,2019-11-05,2019-11-13,Standard Processing,,,,,,,,Wednesday,2019-11
164,CA-2019-113817,2019-11-07,2019-11-13,Standard Processing,,,,,,,,Wednesday,2019-11
1684,CA-2019-147585,2019-11-07,2019-11-13,Standard Processing,,,,,,,,Wednesday,2019-11
3061,CA-2019-144554,2019-11-07,2019-11-13,Standard Processing,,,,,,,,Wednesday,2019-11
4975,CA-2019-164896,2019-11-07,2019-11-13,Standard Processing,,,2019-11-18,,,5.0,11.0,Wednesday,2019-11
5870,CA-2019-152247,2019-11-07,2019-11-13,Standard Processing,,,,,,,,Wednesday,2019-11
8212,CA-2019-116337,2019-11-07,2019-11-13,Standard Processing,,,2019-11-18,,,5.0,11.0,Wednesday,2019-11
9716,CA-2019-116379,2019-11-07,2019-11-13,Standard Processing,,,,,,,,Wednesday,2019-11
8614,CA-2019-138233,2019-11-09,2019-11-13,Standard Processing,,,,,,,,Wednesday,2019-11
8374,CA-2019-152940,2019-11-10,2019-11-15,Express,,,,,,,,Friday,2019-11
7190,CA-2019-164399,2019-11-12,2019-11-15,Express,,,,,,,,Friday,2019-11
6030,US-2019-112970,2019-11-14,2019-11-15,Express,,,,,,,,Friday,2019-11
8411,CA-2019-130820,2019-11-15,2019-11-15,Express,,,,,,,,Friday,2019-11
2868,CA-2019-115588,2019-11-10,2019-11-15,Standard Processing,,,2019-11-18,,,3.0,8.0,Friday,2019-11
5042,CA-2019-158694,2019-11-10,2019-11-15,Standard Processing,,,2019-11-18,,,3.0,8.0,Friday,2019-11
9044,CA-2019-168830,2019-11-07,2019-11-15,Standard Processing,,,,,,,,Friday,2019-11
4531,CA-2019-118759,2019-11-14,2019-11-18,Express,,,2019-11-21,,,3.0,7.0,Monday,2019-11
9587,CA-2019-108630,2019-11-18,2019-11-18,Express,,,,,,,,Monday,2019-11
1137,CA-2019-152170,2019-11-12,2019-11-18,Standard Processing,,,,,,,,Monday,2019-11
3634,CA-2019-145177,2019-11-10,2019-11-18,Standard Processing,,,,,,,,Monday,2019-11
3894,US-2019-144547,2019-11-10,2019-11-18,Standard Processing,,,,,,,,Monday,2019-11
4511,CA-2019-119935,2019-11-10,2019-11-18,Standard Processing,,,2019-11-21,,,3.0,11.0,Monday,2019-11
4863,CA-2019-125164,2019-11-10,2019-11-18,Standard Processing,,,,,,,,Monday,2019-11
9249,CA-2019-127761,2019-11-10,2019-11-18,Standard Processing,,,2019-11-22,,,4.0,12.0,Monday,2019-11
4725,CA-2019-131968,2019-11-11,2019-11-18,Standard Processing,,,,,,,,Monday,2019-11
9400,CA-2019-103128,2019-11-11,2019-11-18,Standard Processing,,,2019-11-25,,,7.0,14.0,Monday,2019-11
6791,CA-2019-124527,2019-11-16,2019-11-20,Express,,,,,,,,Wednesday,2019-11
8566,CA-2019-134110,2019-11-17,2019-11-20,Express,,,2019-11-25,,,5.0,8.0,Wednesday,2019-11
8666,CA-2019-118500,2019-11-17,2019-11-20,Express,,,,,,,,Wednesday,2019-11
2884,CA-2019-130799,2019-11-11,2019-11-20,Standard Processing,,,2019-11-25,,,5.0,14.0,Wednesday,2019-11
2264,CA-2019-131065,2019-11-14,2019-11-20,Standard Processing,,,,,,,,Wednesday,2019-11
4812,CA-2019-121370,2019-11-14,2019-11-20,Standard Processing,,,,,,,,Wednesday,2019-11
2240,CA-2019-146633,2019-11-15,2019-11-20,Standard Processing,,,,,,,,Wednesday,2019-11
2341,CA-2019-137736,2019-11-10,2019-11-20,Standard Processing,,,2019-11-25,,,5.0,15.0,Wednesday,2019-11
6792,CA-2019-162348,2019-11-10,2019-11-20,Standard Processing,,,,,,,,Wednesday,2019-11
1780,CA-2019-124667,2019-11-11,2019-11-20,Standard Processing,,,,,,,,Wednesday,2019-11
2514,CA-2019-124506,2019-11-11,2019-11-20,Standard Processing,,,2019-11-25,,,5.0,14.0,Wednesday,2019-11
2783,CA-2019-139878,2019-11-11,2019-11-20,Standard Processing,,,,,,,,Wednesday,2019-11
7030,CA-2019-145548,2019-11-11,2019-11-20,Standard Processing,,,,,,,,Wednesday,2019-11
8120,CA-2019-116722,2019-11-11,2019-11-20,Standard Processing,,,2019-11-25,,,5.0,14.0,Wednesday,2019-11
8469,US-2019-164196,2019-11-11,2019-11-20,Standard Processing,,,,,,,,Wednesday,2019-11
1074,CA-2019-134348,2019-11-12,2019-11-20,Standard Processing,,,,,,,,Wednesday,2019-11
6111,CA-2019-124590,2019-11-12,2019-11-20,Standard Processing,,,,,,,,Wednesday,2019-11
1001,CA-2019-155488,2019-11-13,2019-11-20,Standard Processing,,,,,,,,Wednesday,2019-11
1478,CA-2019-121958,2019-11-13,2019-11-20,Standard Processing,,,,,,,,Wednesday,2019-11
1802,CA-2019-149461,2019-11-13,2019-11-20,Standard Processing,,,2019-11-25,,,5.0,12.0,Wednesday,2019-11
1884,CA-2019-118570,2019-11-13,2019-11-20,Standard Processing,,,,,,,,Wednesday,2019-11
3260,US-2019-162103,2019-11-13,2019-11-20,Standard Processing,,,,,,,,Wednesday,2019-11
4627,CA-2019-101336,2019-11-13,2019-11-20,Standard Processing,,,,,,,,Wednesday,2019-11
5138,CA-2019-128972,2019-11-13,2019-11-20,Standard Processing,,,,,,,,Wednesday,2019-11
6117,US-2019-113677,2019-11-13,2019-11-20,Standard Processing,,,,,,,,Wednesday,2019-11
7196,CA-2019-147683,2019-11-13,2019-11-20,Standard Processing,,,,,,,,Wednesday,2019-11
2504,CA-2019-149482,2019-11-14,2019-11-20,Standard Processing,,,2019-11-25,,,5.0,11.0,Wednesday,2019-11
4530,CA-2019-134691,2019-11-14,2019-11-20,Standard Processing,,,,,,,,Wednesday,2019-11
7180,US-2019-144351,2019-11-14,2019-11-20,Standard Processing,,,,,,,,Wednesday,2019-11
9178,CA-2019-166618,2019-11-14,2019-11-20,Standard Processing,,,,,,,,Wednesday,2019-11
4397,CA-2019-148740,2019-11-15,2019-11-20,Standard Processing,,,,,,,,Wednesday,2019-11
5236,CA-2019-111143,2019-11-19,2019-11-22,Express,,,,,,,,Friday,2019-11
6029,CA-2019-157364,2019-11-19,2019-11-22,Express,,,,,,,,Friday,2019-11
1034,CA-2019-109820,2019-11-20,2019-11-22,Express,,,2019-11-25,,,3.0,5.0,Friday,2019-11
6371,CA-2019-113425,2019-11-21,2019-11-22,Express,,,,,,,,Friday,2019-11
5517,US-2019-138408,2019-11-18,2019-11-22,Standard Processing,,,,,,,,Friday,2019-11
7128,US-2019-117541,2019-11-14,2019-11-22,Standard Processing,,,,,,,,Friday,2019-11
2919,CA-2019-160129,2019-11-23,2019-11-25,Express,,,2019-11-29,,,4.0,6.0,Monday,2019-11
1911,CA-2019-105963,2019-11-15,2019-11-25,Standard Processing,,,,,,,,Monday,2019-11
163,CA-2019-154508,2019-11-16,2019-11-25,Standard Processing,,,,,,,,Monday,2019-11
3948,CA-2019-119963,2019-11-18,2019-11-25,Standard Processing,,,,,,,,Monday,2019-11
4960,CA-2019-166226,2019-11-18,2019-11-25,Standard Processing,,,,,,,,Monday,2019-11
8158,CA-2019-103464,2019-11-18,2019-11-25,Standard Processing,,,,,,,,Monday,2019-11
1397,CA-2019-124485,2019-11-24,2019-11-27,Express,,,2019-12-02,,,5.0,8.0,Wednesday,2019-11
5701,CA-2019-125661,2019-11-24,2019-11-27,Express,,,,,,,,Wednesday,2019-11
5163,CA-2019-115378,2019-11-18,2019-11-27,Standard Processing,,,2019-12-02,,,5.0,14.0,Wednesday,2019-11
290,CA-2019-110772,2019-11-20,2019-11-27,Standard Processing,,,,,,,,Wednesday,2019-11
3522,CA-2019-114482,2019-11-21,2019-11-27,Standard Processing,,,,,,,,Wednesday,2019-11
5115,CA-2019-150658,2019-11-17,2019-11-27,Standard Processing,,,,,,,,Wednesday,2019-11
2511,CA-2019-136812,2019-11-18,2019-11-27,Standard Processing,,,,,,,,Wednesday,2019-11
4375,CA-2019-158575,2019-11-18,2019-11-27,Standard Processing,,,2019-12-02,,,5.0,14.0,Wednesday,2019-11
681,CA-2019-164511,2019-11-19,2019-11-27,Standard Processing,,,2019-11-29,,,2.0,10.0,Wednesday,2019-11
1106,US-2019-110156,2019-11-19,2019-11-27,Standard Processing,,,,,,,,Wednesday,2019-11
1475,CA-2019-113138,2019-11-19,2019-11-27,Standard Processing,,,,,,,,Wednesday,2019-11
8323,CA-2019-130778,2019-11-19,2019-11-27,Standard Processing,,,,,,,,Wednesday,2019-11
9466,CA-2019-126858,2019-11-19,2019-11-27,Standard Processing,,,2019-12-02,,,5.0,13.0,Wednesday,2019-11
159,CA-2019-114104,2019-11-20,2019-11-27,Standard Processing,,,,,,,,Wednesday,2019-11
4407,CA-2019-100041,2019-11-20,2019-11-27,Standard Processing,,,2019-12-02,,,5.0,12.0,Wednesday,2019-11
5366,CA-2019-107790,2019-11-20,2019-11-27,Standard Processing,,,,,,,,Wednesday,2019-11
5479,CA-2019-121356,2019-11-20,2019-11-27,Standard Processing,,,2019-12-02,,,5.0,12.0,Wednesday,2019-11
6492,CA-2019-113845,2019-11-20,2019-11-27,Standard Processing,,,2019-12-02,,,5.0,12.0,Wednesday,2019-11
6835,CA-2019-142615,2019-11-20,2019-11-27,Standard Processing,,,,,,,,Wednesday,2019-11
3033,US-2019-114293,2019-11-21,2019-11-27,Standard Processing,,,,,,,,Wednesday,2019-11
4824,CA-2019-140018,2019-11-21,2019-11-27,Standard Processing,,,,,,,,Wednesday,2019-11
5891,CA-2019-146157,2019-11-21,2019-11-27,Standard Processing,,,,,,,,Wednesday,2019-11
9216,CA-2019-152646,2019-11-21,2019-11-27,Standard Processing,,,,,,,,Wednesday,2019-11
1288,CA-2019-154711,2019-11-22,2019-11-27,Standard Processing,,,,,,,,Wednesday,2019-11
2774,CA-2019-131576,2019-11-22,2019-11-27,Standard Processing,,,2019-12-02,,,5.0,10.0,Wednesday,2019-11
4116,CA-2019-163573,2019-11-24,2019-11-29,Express,,,,,,,,Friday,2019-11
6978,US-2019-119298,2019-11-25,2019-11-29,Express,,,,,,,,Friday,2019-11
1452,CA-2019-133711,2019-11-26,2019-11-29,Express,,,,,,,,Friday,2019-11
5274,US-2019-158309,2019-11-26,2019-11-29,Express,,,,,,,,Friday,2019-11
8384,CA-2019-145135,2019-11-26,2019-11-29,Express,,,,,,,,Friday,2019-11
1664,CA-2019-128531,2019-11-24,2019-11-29,Standard Processing,,,2019-12-03,,,4.0,9.0,Friday,2019-11
4272,CA-2019-123806,2019-11-24,2019-11-29,Standard Processing,,,,,,,,Friday,2019-11
9124,US-2019-158288,2019-11-26,2019-11-29,Standard Processing,,,,,,,,Friday,2019-11
3239,US-2019-127971,2019-11-20,2019-11-29,Standard Processing,,,2019-12-03,,,4.0,13.0,Friday,2019-11
5398,CA-2019-145492,2019-11-20,2019-11-29,Standard Processing,,,2019-12-02,,,3.0,12.0,Friday,2019-11
5983,CA-2019-114895,2019-11-21,2019-11-29,Standard Processing,,,,,,,,Friday,2019-11
6083,US-2019-132577,2019-11-22,2019-11-29,Standard Processing,,,,,,,,Friday,2019-11
8080,US-2019-164945,2019-11-22,2019-11-29,Standard Processing,,,,,,,,Friday,2019-11
2212,CA-2019-162313,2019-11-27,2019-12-02,Express,,,,,,,,Monday,2019-11
3476,CA-2019-144911,2019-11-27,2019-12-02,Express,,,,,,,,Monday,2019-11
9812,CA-2019-117583,2019-11-27,2019-12-02,Express,,,2019-12-09,,,7.0,12.0,Monday,2019-11
3487,US-2019-134761,2019-11-30,2019-12-02,Express,,,,,,,,Monday,2019-11
4683,CA-2019-127698,2019-12-01,2019-12-02,Express,,,,,,,,Monday,2019-12
9171,US-2019-155768,2019-12-01,2019-12-02,Express,,,,,,,,Monday,2019-12
1772,CA-2019-129686,2019-11-27,2019-12-02,Standard Processing,,,,,,,,Monday,2019-11
1932,CA-2019-152121,2019-11-27,2019-12-02,Standard Processing,,,,,,,,Monday,2019-11
3525,CA-2019-132731,2019-11-24,2019-12-02,Standard Processing,,,2019-12-06,,,4.0,12.0,Monday,2019-11
6244,CA-2019-165561,2019-11-24,2019-12-02,Standard Processing,,,,,,,,Monday,2019-11
7687,CA-2019-169838,2019-11-25,2019-12-02,Standard Processing,,,,,,,,Monday,2019-11
8647,CA-2019-113341,2019-11-25,2019-12-02,Standard Processing,,,2019-12-09,,,7.0,14.0,Monday,2019-11
5924,CA-2019-130288,2019-11-26,2019-12-04,Standard Processing,,,,,,,,Wednesday,2019-11
4887,CA-2019-163167,2019-11-28,2019-12-04,Standard Processing,,,,,,,,Wednesday,2019-11
3612,US-2019-131674,2019-11-29,2019-12-04,Standard Processing,,,2019-12-10,,,6.0,11.0,Wednesday,2019-11
1060,CA-2019-105284,2019-11-24,2019-12-04,Standard Processing,,,2019-12-09,,,5.0,15.0,Wednesday,2019-11
1503,CA-2019-100468,2019-11-24,2019-12-04,Standard Processing,,,2019-12-09,,,5.0,15.0,Wednesday,2019-11
1894,CA-2019-100083,2019-11-24,2019-12-04,Standard Processing,,,2019-12-09,,,5.0,15.0,Wednesday,2019-11
3891,US-2019-163881,2019-11-24,2019-12-04,Standard Processing,,,2019-12-06,,,2.0,12.0,Wednesday,2019-11
8373,CA-2019-113726,2019-11-24,2019-12-04,Standard Processing,,,,,,,,Wednesday,2019-11
9770,CA-2019-123533,2019-11-24,2019-12-04,Standard Processing,,,,,,,,Wednesday,2019-11
3464,CA-2019-165470,2019-11-25,2019-12-04,Standard Processing,,,,,,,,Wednesday,2019-11
6574,CA-2019-160535,2019-11-25,2019-12-04,Standard Processing,,,2019-12-09,,,5.0,14.0,Wednesday,2019-11
7772,CA-2019-108196,2019-11-25,2019-12-04,Standard Processing,,,,,,,,Wednesday,2019-11
8343,CA-2019-132549,2019-11-25,2019-12-04,Standard Processing,,,,,,,,Wednesday,2019-11
2073,CA-2019-129693,2019-11-26,2019-12-04,Standard Processing,,,,,,,,Wednesday,2019-11
2242,US-2019-126893,2019-11-26,2019-12-04,Standard Processing,,,,,,,,Wednesday,2019-11
7729,CA-2019-106915,2019-11-26,2019-12-04,Standard Processing,,,,,,,,Wednesday,2019-11
9650,CA-2019-107104,2019-11-26,2019-12-04,Standard Processing,,,,,,,,Wednesday,2019-11
5902,CA-2019-159639,2019-11-27,2019-12-04,Standard Processing,,,,,,,,Wednesday,2019-11
7201,CA-2019-104276,2019-11-27,2019-12-04,Standard Processing,,,,,,,,Wednesday,2019-11
8623,US-2019-114230,2019-11-27,2019-12-04,Standard Processing,,,,,,,,Wednesday,2019-11
186,CA-2019-105018,2019-11-28,2019-12-04,Standard Processing,,,2019-12-09,,,5.0,11.0,Wednesday,2019-11
2850,CA-2019-123617,2019-11-28,2019-12-04,Standard Processing,,,2019-12-09,,,5.0,11.0,Wednesday,2019-11
8531,CA-2019-156748,2019-11-30,2019-12-04,Standard Processing,,,2019-12-06,,,2.0,6.0,Wednesday,2019-11
728,US-2019-150861,2019-12-03,2019-12-06,Express,,,2019-12-09,,,3.0,6.0,Friday,2019-12
5426,CA-2019-153598,2019-12-03,2019-12-06,Express,,,,,,,,Friday,2019-12
1223,CA-2019-126004,2019-12-04,2019-12-06,Express,,,,,,,,Friday,2019-12
3009,CA-2019-124772,2019-12-05,2019-12-06,Express,,,,,,,,Friday,2019-12
7879,CA-2019-160241,2019-11-29,2019-12-06,Standard Processing,,,,,,,,Friday,2019-11
103,CA-2019-129903,2019-12-01,2019-12-06,Standard Processing,,,,,,,,Friday,2019-12
8112,CA-2019-130393,2019-12-01,2019-12-06,Standard Processing,,,2019-12-09,,,3.0,8.0,Friday,2019-12
8681,CA-2019-143805,2019-12-01,2019-12-06,Standard Processing,,,,,,,,Friday,2019-12
9485,CA-2019-164770,2019-12-02,2019-12-06,Standard Processing,,,,,,,,Friday,2019-12
7364,CA-2019-127243,2019-11-28,2019-12-06,Standard Processing,,,,,,,,Friday,2019-11
4185,CA-2019-143749,2019-12-05,2019-12-09,Express,,,2019-12-13,,,4.0,8.0,Monday,2019-12
1133,US-2019-114776,2019-12-06,2019-12-09,Express,,,,,,,,Monday,2019-12
4249,CA-2019-157336,2019-12-01,2019-12-09,Standard Processing,,,,,,,,Monday,2019-12
1178,CA-2019-113621,2019-12-01,2019-12-09,Standard Processing,,,,,,,,Monday,2019-12
3471,US-2019-150035,2019-12-01,2019-12-09,Standard Processing,,,2019-12-16,,,7.0,15.0,Monday,2019-12
9205,CA-2019-104689,2019-12-01,2019-12-09,Standard Processing,,,2019-12-12,,,3.0,11.0,Monday,2019-12
9251,CA-2019-105354,2019-12-02,2019-12-09,Standard Processing,,,,,,,,Monday,2019-12
36,CA-2019-117590,2019-12-08,2019-12-11,Express,,,2019-12-16,,,5.0,8.0,Wednesday,2019-12
8555,CA-2019-102092,2019-12-09,2019-12-11,Express,,,2019-12-16,,,5.0,7.0,Wednesday,2019-12
3940,US-2019-143448,2019-12-10,2019-12-11,Express,,,,,,,,Wednesday,2019-12
1136,US-2019-148803,2019-12-11,2019-12-11,Express,,,,,,,,Wednesday,2019-12
5994,CA-2019-162187,2019-12-11,2019-12-11,Express,,,,,,,,Wednesday,2019-12
7051,CA-2019-165330,2019-12-11,2019-12-11,Express,,,,,,,,Wednesday,2019-12
8393,CA-2019-142594,2019-12-01,2019-12-11,Standard Processing,,,2019-12-13,,,2.0,12.0,Wednesday,2019-12
3593,CA-2019-108434,2019-12-05,2019-12-11,Standard Processing,,,,,,,,Wednesday,2019-12
4597,CA-2019-140564,2019-12-05,2019-12-11,Standard Processing,,,,,,,,Wednesday,2019-12
5060,CA-2019-109722,2019-12-05,2019-12-11,Standard Processing,,,,,,,,Wednesday,2019-12
6872,CA-2019-145009,2019-12-05,2019-12-11,Standard Processing,,,,,,,,Wednesday,2019-12
8776,CA-2019-163636,2019-12-05,2019-12-11,Standard Processing,,,2019-12-16,,,5.0,11.0,Wednesday,2019-12
9965,CA-2019-146374,2019-12-05,2019-12-11,Standard Processing,,,,,,,,Wednesday,2019-12
2055,CA-2019-136434,2019-12-01,2019-12-11,Standard Processing,,,,,,,,Wednesday,2019-12
2197,CA-2019-136483,2019-12-01,2019-12-11,Standard Processing,,,,,,,,Wednesday,2019-12
1480,US-2019-108455,2019-12-02,2019-12-11,Standard Processing,,,2019-12-16,,,5.0,14.0,Wednesday,2019-12
5908,US-2019-113985,2019-12-02,2019-12-11,Standard Processing,,,,,,,,Wednesday,2019-12
6468,CA-2019-163804,2019-12-02,2019-12-11,Standard Processing,,,,,,,,Wednesday,2019-12
6696,US-2019-155103,2019-12-02,2019-12-11,Standard Processing,,,2019-12-16,,,5.0,14.0,Wednesday,2019-12
8496,CA-2019-143154,2019-12-02,2019-12-11,Standard Processing,,,2019-12-16,,,5.0,14.0,Wednesday,2019-12
4198,US-2019-161683,2019-12-03,2019-12-11,Standard Processing,,,,,,,,Wednesday,2019-12
5830,CA-2019-122063,2019-12-03,2019-12-11,Standard Processing,,,,,,,,Wednesday,2019-12
6160,CA-2019-161025,2019-12-03,2019-12-11,Standard Processing,,,2019-12-16,,,5.0,13.0,Wednesday,2019-12
7909,CA-2019-149762,2019-12-03,2019-12-11,Standard Processing,,,,,,,,Wednesday,2019-12
1534,CA-2019-139885,2019-12-04,2019-12-11,Standard Processing,,,2019-12-16,,,5.0,12.0,Wednesday,2019-12
5777,CA-2019-105277,2019-12-04,2019-12-11,Standard Processing,,,,,,,,Wednesday,2019-12
5778,CA-2019-112060,2019-12-04,2019-12-11,Standard Processing,,,,,,,,Wednesday,2019-12
14,CA-2019-161389,2019-12-05,2019-12-11,Standard Processing,,,,,,,,Wednesday,2019-12
148,CA-2019-114489,2019-12-05,2019-12-11,Standard Processing,,,2019-12-16,,,5.0,11.0,Wednesday,2019-12
9974,US-2019-103674,2019-12-06,2019-12-11,Standard Processing,,,,,,,,Wednesday,2019-12
6711,CA-2019-149503,2019-12-09,2019-12-13,Express,,,,,,,,Friday,2019-12
253,CA-2019-146941,2019-12-10,2019-12-13,Express,,,,,,,,Friday,2019-12
5525,CA-2019-147123,2019-12-10,2019-12-13,Express,,,,,,,,Friday,2019-12
6185,CA-2019-143609,2019-12-11,2019-12-13,Express,,,,,,,,Friday,2019-12
4035,US-2019-108777,2019-12-12,2019-12-13,Express,,,,,,,,Friday,2019-12
5590,CA-2019-115224,2019-12-08,2019-12-13,Standard Processing,,,,,,,,Friday,2019-12
2934,US-2019-169040,2019-12-06,2019-12-13,Standard Processing,,,,,,,,Friday,2019-12
8569,CA-2019-162390,2019-12-06,2019-12-13,Standard Processing,,,,,,,,Friday,2019-12
9696,US-2019-151260,2019-12-11,2019-12-16,Express,,,,,,,,Monday,2019-12
1299,CA-2019-134425,2019-12-08,2019-12-16,Standard Processing,,,,,,,,Monday,2019-12
8441,CA-2019-158302,2019-12-08,2019-12-16,Standard Processing,,,,,,,,Monday,2019-12
4980,US-2019-131114,2019-12-09,2019-12-16,Standard Processing,,,,,,,,Monday,2019-12
631,US-2019-135720,2019-12-11,2019-12-16,Standard Processing,,,,,,,,Monday,2019-12
3104,CA-2019-124562,2019-12-08,2019-12-16,Standard Processing,,,,,,,,Monday,2019-12
5747,CA-2019-113733,2019-12-08,2019-12-16,Standard Processing,,,,,,,,Monday,2019-12
9162,CA-2019-160108,2019-12-08,2019-12-16,Standard Processing,,,,,,,,Monday,2019-12
22,CA-2019-137330,2019-12-09,2019-12-16,Standard Processing,,,,,,,,Monday,2019-12
1312,CA-2019-141082,2019-12-09,2019-12-16,Standard Processing,,,,,,,,Monday,2019-12
2033,CA-2019-128923,2019-12-09,2019-12-16,Standard Processing,,,,,,,,Monday,2019-12
3739,CA-2019-133340,2019-12-09,2019-12-16,Standard Processing,,,,,,,,Monday,2019-12
4752,CA-2019-159989,2019-12-09,2019-12-16,Standard Processing,,,,,,,,Monday,2019-12
3258,US-2019-161844,2019-12-09,2019-12-18,Standard Processing,,,,,,,,Wednesday,2019-12
250,CA-2019-154739,2019-12-10,2019-12-18,Standard Processing,,,,,,,,Wednesday,2019-12
649,CA-2019-160745,2019-12-11,2019-12-18,Standard Processing,,,,,,,,Wednesday,2019-12
3479,CA-2019-131289,2019-12-08,2019-12-18,Standard Processing,,,2019-12-23,,,5.0,15.0,Wednesday,2019-12
2192,CA-2019-128412,2019-12-10,2019-12-18,Standard Processing,,,,,,,,Wednesday,2019-12
7617,CA-2019-144309,2019-12-10,2019-12-18,Standard Processing,,,,,,,,Wednesday,2019-12
8188,CA-2019-127194,2019-12-10,2019-12-18,Standard Processing,,,,,,,,Wednesday,2019-12
9874,CA-2019-100587,2019-12-10,2019-12-18,Standard Processing,,,2019-12-23,,,5.0,13.0,Wednesday,2019-12
54,CA-2019-105816,2019-12-11,2019-12-18,Standard Processing,,,,,,,,Wednesday,2019-12
1603,US-2019-132857,2019-12-11,2019-12-18,Standard Processing,,,2019-12-23,,,5.0,12.0,Wednesday,2019-12
5577,CA-2019-136686,2019-12-12,2019-12-18,Standard Processing,,,,,,,,Wednesday,2019-12
9939,CA-2019-169824,2019-12-12,2019-12-18,Standard Processing,,,,,,,,Wednesday,2019-12
456,CA-2019-100153,2019-12-13,2019-12-18,Standard Processing,,,,,,,,Wednesday,2019-12
3469,CA-2019-146143,2019-12-14,2019-12-18,Standard Processing,,,,,,,,Wednesday,2019-12
6392,CA-2019-129126,2019-12-14,2019-12-18,Standard Processing,,,,,,,,Wednesday,2019-12
7941,CA-2019-146325,2019-12-14,2019-12-20,Express,,,,,,,,Friday,2019-12
1465,US-2019-104794,2019-12-16,2019-12-20,Express,,,,,,,,Friday,2019-12
6720,CA-2019-130442,2019-12-16,2019-12-20,Express,,,2019-12-23,,,3.0,7.0,Friday,2019-12
8908,CA-2019-139934,2019-12-18,2019-12-20,Express,,,2019-12-23,,,3.0,5.0,Friday,2019-12
8047,CA-2019-113600,2019-12-15,2019-12-20,Standard Processing,,,2019-12-23,,,3.0,8.0,Friday,2019-12
4574,CA-2019-139395,2019-12-12,2019-12-20,Standard Processing,,,,,,,,Friday,2019-12
5251,US-2019-169369,2019-12-12,2019-12-20,Standard Processing,,,2019-12-24,,,4.0,12.0,Friday,2019-12
3687,CA-2019-102792,2019-12-13,2019-12-20,Standard Processing,,,,,,,,Friday,2019-12
5655,CA-2019-145261,2019-12-18,2019-12-23,Express,,,,,,,,Monday,2019-12
7579,CA-2019-138597,2019-12-18,2019-12-23,Express,,,,,,,,Monday,2019-12
470,US-2019-100419,2019-12-16,2019-12-23,Standard Processing,,,,,,,,Monday,2019-12
287,CA-2019-112697,2019-12-18,2019-12-23,Standard Processing,,,2019-12-27,,,4.0,9.0,Monday,2019-12
3505,CA-2019-150945,2019-12-18,2019-12-23,Standard Processing,,,,,,,,Monday,2019-12
942,CA-2019-142958,2019-12-13,2019-12-23,Standard Processing,,,,,,,,Monday,2019-12
722,CA-2019-142335,2019-12-15,2019-12-23,Standard Processing,,,,,,,,Monday,2019-12
8263,CA-2019-100307,2019-12-15,2019-12-23,Standard Processing,,,,,,,,Monday,2019-12
2306,CA-2019-115574,2019-12-23,2019-12-24,Express,,,,,,,,Tuesday,2019-12
4750,CA-2019-123526,2019-12-24,2019-12-24,Express,,,,,,,,Tuesday,2019-12
6171,CA-2019-141523,2019-12-19,2019-12-24,Standard Processing,,,,,,,,Tuesday,2019-12
8430,CA-2019-118129,2019-12-19,2019-12-24,Standard Processing,,,,,,,,Tuesday,2019-12
7029,US-2019-157840,2019-12-20,2019-12-24,Standard Processing,,,2019-12-30,,,6.0,10.0,Tuesday,2019-12
6378,US-2019-116442,2019-12-15,2019-12-24,Standard Processing,,,,,,,,Tuesday,2019-12
6647,US-2019-127334,2019-12-15,2019-12-24,Standard Processing,,,,,,,,Tuesday,2019-12
6203,CA-2019-118332,2019-12-16,2019-12-24,Standard Processing,,,,,,,,Tuesday,2019-12
8685,CA-2019-155446,2019-12-16,2019-12-24,Standard Processing,,,,,,,,Tuesday,2019-12
3771,CA-2019-155530,2019-12-17,2019-12-24,Standard Processing,,,,,,,,Tuesday,2019-12
5912,CA-2019-155383,2019-12-17,2019-12-24,Standard Processing,,,,,,,,Tuesday,2019-12
8414,CA-2019-147109,2019-12-17,2019-12-24,Standard Processing,,,,,,,,Tuesday,2019-12
9016,CA-2019-131639,2019-12-17,2019-12-24,Standard Processing,,,,,,,,Tuesday,2019-12
9040,CA-2019-117121,2019-12-17,2019-12-24,Standard Processing,,,,,,,,Tuesday,2019-12
641,CA-2019-147067,2019-12-18,2019-12-24,Standard Processing,,,,,,,,Tuesday,2019-12
1315,CA-2019-145919,2019-12-18,2019-12-24,Standard Processing,,,,,,,,Tuesday,2019-12
4861,CA-2019-101546,2019-12-18,2019-12-24,Standard Processing,,,,,,,,Tuesday,2019-12
5022,CA-2019-133795,2019-12-18,2019-12-24,Standard Processing,,,,,,,,Tuesday,2019-12
7792,CA-2019-108364,2019-12-19,2019-12-24,Standard Processing,,,,,,,,Tuesday,2019-12
3516,CA-2019-168536,2019-12-20,2019-12-24,Standard Processing,,,2019-12-30,,,6.0,10.0,Tuesday,2019-12
3721,CA-2019-151155,2019-12-20,2019-12-24,Standard Processing,,,,,,,,Tuesday,2019-12
4403,CA-2019-114538,2019-12-26,2019-12-27,Express,,,,,,,,Friday,2019-12
8668,CA-2019-149916,2019-12-22,2019-12-27,Standard Processing,,,,,,,,Friday,2019-12
1301,CA-2019-137043,2019-12-23,2019-12-27,Standard Processing,,,,,,,,Friday,2019-12
8558,CA-2019-132829,2019-12-23,2019-12-27,Standard Processing,,,,,,,,Friday,2019-12
5543,CA-2019-134936,2019-12-19,2019-12-27,Standard Processing,,,,,,,,Friday,2019-12
1806,US-2019-116729,2019-12-25,2019-12-30,Express,,,,,,,,Monday,2019-12
8390,CA-2019-102596,2019-12-27,2019-12-30,Express,,,,,,,,Monday,2019-12
5760,US-2019-111528,2019-12-30,2019-12-30,Express,,,,,,,,Monday,2019-12
6831,CA-2019-140438,2019-12-24,2019-12-30,Standard Processing,,,,,,,,Monday,2019-12
8512,CA-2019-103359,2019-12-22,2019-12-30,Standard Processing,,,,,,,,Monday,2019-12
2643,CA-2019-124051,2019-12-29,2020-01-03,Express,,,2020-01-06,,,3.0,8.0,Friday,2019-12
4139,CA-2019-117226,2019-12-30,2020-01-03,Express,,,,,,,,Friday,2019-12
7562,CA-2019-105746,2019-12-30,2020-01-03,Express,,,,,,,,Friday,2019-12
6528,CA-2019-157791,2019-12-23,2020-01-03,Standard Processing,,,2020-01-06,,,3.0,14.0,Friday,2019-12
1258,US-2019-168620,2019-12-24,2020-01-03,Standard Processing,,,,,,,,Friday,2019-12
5330,CA-2019-111941,2019-12-25,2020-01-03,Standard Processing,,,,,,,,Friday,2019-12
7182,CA-2019-138667,2019-12-27,2020-01-03,Standard Processing,,,2020-01-06,,,3.0,10.0,Friday,2019-12
1825,CA-2019-167507,2019-12-22,2020-01-03,Standard Processing,,,2020-01-06,,,3.0,15.0,Friday,2019-12
9349,CA-2019-114860,2019-12-22,2020-01-03,Standard Processing,,,,,,,,Friday,2019-12
3251,CA-2019-157868,2019-12-23,2020-01-03,Standard Processing,,,,,,,,Friday,2019-12
4842,CA-2019-136049,2019-12-23,2020-01-03,Standard Processing,,,,,,,,Friday,2019-12
4891,CA-2019-135776,2019-12-23,2020-01-03,Standard Processing,,,,,,,,Friday,2019-12
9673,CA-2019-114867,2019-12-23,2020-01-03,Standard Processing,,,,,,,,Friday,2019-12
6191,CA-2019-157259,2019-12-24,2020-01-03,Standard Processing,,,,,,,,Friday,2019-12
7239,CA-2019-101651,2019-12-24,2020-01-03,Standard Processing,,,2020-01-06,,,3.0,13.0,Friday,2019-12
6631,CA-2019-105081,2019-12-25,2020-01-03,Standard Processing,,,,,,,,Friday,2019-12
7396,CA-2019-110975,2019-12-25,2020-01-03,Standard Processing,,,,,,,,Friday,2019-12
7890,CA-2019-148684,2019-12-25,2020-01-03,Standard Processing,,,2020-01-06,,,3.0,12.0,Friday,2019-12
8272,CA-2019-169670,2019-12-25,2020-01-03,Standard Processing,,,,,,,,Friday,2019-12
1435,US-2019-153129,2019-12-26,2020-01-03,Standard Processing,,,,,,,,Friday,2019-12
3351,CA-2019-147536,2019-12-26,2020-01-03,Standard Processing,,,2020-01-06,,,3.0,11.0,Friday,2019-12
4591,CA-2019-129868,2019-12-26,2020-01-03,Standard Processing,,,,,,,,Friday,2019-12
5178,CA-2019-123015,2019-12-26,2020-01-03,Standard Processing,,,,,,,,Friday,2019-12
2845,US-2019-162852,2019-12-27,2020-01-03,Standard Processing,,,,,,,,Friday,2019-12
8149,US-2019-131058,2019-12-27,2020-01-03,Standard Processing,,,,,,,,Friday,2019-12
8667,CA-2019-163951,2019-12-30,2020-01-03,Express,,,2020-01-08,,,5.0,9.0,Friday,2019-12
6342,US-2019-105830,2019-12-31,2020-01-03,Express,,,2020-01-07,,,4.0,7.0,Friday,2019-12
6683,CA-2020-154466,2020-01-01,2020-01-03,Express,,,,,,,,Friday,2020-01
7063,CA-2019-157742,2019-12-29,2020-01-03,Standard Processing,,,,,,,,Friday,2019-12
8724,US-2019-135209,2019-12-29,2020-01-03,Standard Processing,,,,,,,,Friday,2019-12
6032,CA-2019-101168,2019-12-25,2020-01-03,Standard Processing,,,2020-01-07,,,4.0,13.0,Friday,2019-12
6800,CA-2019-109827,2019-12-25,2020-01-03,Standard Processing,,,2020-01-07,,,4.0,13.0,Friday,2019-12
3726,CA-2019-151512,2019-12-26,2020-01-03,Standard Processing,,,,,,,,Friday,2019-12
5033,CA-2019-155166,2019-12-26,2020-01-03,Standard Processing,,,,,,,,Friday,2019-12
4439,CA-2019-162726,2019-12-27,2020-01-03,Standard Processing,,,,,,,,Friday,2019-12
8580,CA-2019-111605,2019-12-27,2020-01-03,Standard Processing,,,2020-01-08,,,5.0,12.0,Friday,2019-12
1341,CA-2020-113481,2020-01-02,2020-01-06,Express,,,,,,,,Monday,2020-01
2415,CA-2019-156300,2019-12-29,2020-01-06,Standard Processing,,,,,,,,Monday,2019-12
5363,CA-2019-122017,2019-12-29,2020-01-06,Standard Processing,,,2020-01-10,,,4.0,12.0,Monday,2019-12
5423,US-2019-163258,2019-12-29,2020-01-06,Standard Processing,,,,,,,,Monday,2019-12
8763,CA-2019-112578,2019-12-29,2020-01-06,Standard Processing,,,,,,,,Monday,2019-12
8361,CA-2020-147207,2020-01-02,2020-01-08,Standard Processing,,,,,,,,Wednesday,2020-01
9686,CA-2020-118668,2020-01-02,2020-01-08,Standard Processing,,,,,,,,Wednesday,2020-01
4155,CA-2019-139689,2019-12-29,2020-01-08,Standard Processing,,,,,,,,Wednesday,2019-12
4762,CA-2019-117660,2019-12-30,2020-01-08,Standard Processing,,,,,,,,Wednesday,2019-12
9283,CA-2019-160486,2019-12-30,2020-01-08,Standard Processing,,,,,,,,Wednesday,2019-12
1153,CA-2019-160395,2019-12-31,2020-01-08,Standard Processing,,,,,,,,Wednesday,2019-12
2822,CA-2019-100202,2019-12-31,2020-01-08,Standard Processing,,,,,,,,Wednesday,2019-12
4613,US-2019-165953,2019-12-31,2020-01-08,Standard Processing,,,,,,,,Wednesday,2019-12
5739,CA-2019-156139,2019-12-31,2020-01-08,Standard Processing,,,,,,,,Wednesday,2019-12
849,CA-2020-107503,2020-01-01,2020-01-08,Standard Processing,,,2020-01-13,,,5.0,12.0,Wednesday,2020-01
4010,CA-2020-144463,2020-01-01,2020-01-08,Standard Processing,,,,,,,,Wednesday,2020-01
8070,CA-2020-151750,2020-01-01,2020-01-08,Standard Processing,,,,,,,,Wednesday,2020-01
9491,CA-2020-111738,2020-01-03,2020-01-08,Standard Processing,,,2020-01-10,,,2.0,7.0,Wednesday,2020-01
978,CA-2020-159366,2020-01-07,2020-01-10,Express,,,,,,,,Friday,2020-01
7372,US-2020-123862,2020-01-07,2020-01-10,Standard Processing,,,,,,,,Friday,2020-01
5258,US-2020-114034,2020-01-03,2020-01-10,Standard Processing,,,,,,,,Friday,2020-01
2290,CA-2020-115154,2020-01-08,2020-01-13,Express,,,,,,,,Monday,2020-01
1183,CA-2020-138779,2020-01-14,2020-01-15,Express,,,,,,,,Wednesday,2020-01
4937,CA-2020-150931,2020-01-06,2020-01-15,Standard Processing,,,,,,,,Wednesday,2020-01
2121,US-2020-168690,2020-01-07,2020-01-15,Standard Processing,,,2020-01-20,,,5.0,13.0,Wednesday,2020-01
7221,CA-2020-154760,2020-01-09,2020-01-15,Standard Processing,,,,,,,,Wednesday,2020-01
4165,US-2020-106131,2020-01-14,2020-01-17,Express,,,,,,,,Friday,2020-01
5272,CA-2020-125913,2020-01-16,2020-01-17,Express,,,,,,,,Friday,2020-01
2767,CA-2020-167752,2020-01-15,2020-01-21,Express,,,,,,,,Tuesday,2020-01
6384,US-2020-104661,2020-01-15,2020-01-21,Express,,,,,,,,Tuesday,2020-01
5900,CA-2020-108000,2020-01-12,2020-01-21,Standard Processing,,,,,,,,Tuesday,2020-01
8641,US-2020-148551,2020-01-12,2020-01-21,Standard Processing,,,2020-01-22,,,1.0,10.0,Tuesday,2020-01
7408,CA-2020-152079,2020-01-20,2020-01-22,Express,,,,,,,,Wednesday,2020-01
1846,US-2020-158512,2020-01-12,2020-01-22,Standard Processing,,,2020-01-27,,,5.0,15.0,Wednesday,2020-01
6619,US-2020-167402,2020-01-13,2020-01-22,Standard Processing,,,,,,,,Wednesday,2020-01
6521,CA-2020-138289,2020-01-16,2020-01-22,Standard Processing,,,,,,,,Wednesday,2020-01
4910,CA-2020-127306,2020-01-14,2020-01-22,Standard Processing,,,,,,,,Wednesday,2020-01
6980,CA-2020-149076,2020-01-14,2020-01-22,Standard Processing,,,2020-01-27,,,5.0,13.0,Wednesday,2020-01
9859,CA-2020-113278,2020-01-14,2020-01-22,Standard Processing,,,2020-01-27,,,5.0,13.0,Wednesday,2020-01
3954,CA-2020-152961,2020-01-15,2020-01-22,Standard Processing,,,,,,,,Wednesday,2020-01
5068,CA-2020-160934,2020-01-15,2020-01-22,Standard Processing,,,,,,,,Wednesday,2020-01
440,CA-2020-157252,2020-01-20,2020-01-24,Standard Processing,,,,,,,,Friday,2020-01
523,CA-2020-145142,2020-01-23,2020-01-27,Express,,,,,,,,Monday,2020-01
1885,CA-2020-154718,2020-01-19,2020-01-27,Standard Processing,,,,,,,,Monday,2020-01
9387,US-2020-127292,2020-01-19,2020-01-27,Standard Processing,,,,,,,,Monday,2020-01
5492,CA-2020-164098,2020-01-26,2020-01-29,Express,,,,,,,,Wednesday,2020-01
9116,CA-2020-153045,2020-01-19,2020-01-29,Standard Processing,,,,,,,,Wednesday,2020-01
7984,CA-2020-152499,2020-01-22,2020-01-29,Standard Processing,,,,,,,,Wednesday,2020-01
1659,CA-2020-161809,2020-01-20,2020-01-29,Standard Processing,,,,,,,,Wednesday,2020-01
2408,CA-2020-144589,2020-01-20,2020-01-29,Standard Processing,,,2020-02-03,,,5.0,14.0,Wednesday,2020-01
5425,US-2020-120649,2020-01-20,2020-01-29,Standard Processing,,,,,,,,Wednesday,2020-01
733,CA-2020-131954,2020-01-21,2020-01-29,Standard Processing,,,2020-02-03,,,5.0,13.0,Wednesday,2020-01
1096,CA-2020-160423,2020-01-21,2020-01-29,Standard Processing,,,,,,,,Wednesday,2020-01
2680,CA-2020-127026,2020-01-21,2020-01-29,Standard Processing,,,,,,,,Wednesday,2020-01
9745,CA-2020-141782,2020-01-21,2020-01-29,Standard Processing,,,,,,,,Wednesday,2020-01
516,CA-2020-127432,2020-01-22,2020-01-29,Standard Processing,,,2020-02-03,,,5.0,12.0,Wednesday,2020-01
6357,CA-2020-139080,2020-01-23,2020-01-29,Standard Processing,,,,,,,,Wednesday,2020-01
9654,CA-2020-161893,2020-01-23,2020-01-29,Standard Processing,,,2020-02-03,,,5.0,11.0,Wednesday,2020-01
2922,CA-2020-164329,2020-01-30,2020-01-31,Express,,,,,,,,Friday,2020-01
2169,CA-2020-117870,2020-01-27,2020-01-31,Standard Processing,,,2020-02-06,,,6.0,10.0,Friday,2020-01
2376,CA-2020-119669,2020-01-24,2020-01-31,Standard Processing,,,,,,,,Friday,2020-01
9596,CA-2020-104619,2020-01-24,2020-01-31,Standard Processing,,,,,,,,Friday,2020-01
8590,CA-2020-145338,2020-01-29,2020-02-03,Express,,,,,,,,Monday,2020-01
8366,CA-2020-157273,2020-01-30,2020-02-03,Express,,,,,,,,Monday,2020-01
1415,CA-2020-115994,2020-01-28,2020-02-03,Standard Processing,,,2020-02-06,,,3.0,9.0,Monday,2020-01
9915,CA-2020-160927,2020-01-29,2020-02-03,Standard Processing,,,,,,,,Monday,2020-01
7820,CA-2020-150469,2020-01-26,2020-02-03,Standard Processing,,,,,,,,Monday,2020-01
7222,US-2020-104437,2020-01-27,2020-02-03,Standard Processing,,,,,,,,Monday,2020-01
2834,CA-2020-134649,2020-01-26,2020-02-05,Standard Processing,,,,,,,,Wednesday,2020-01
8312,US-2020-105935,2020-01-26,2020-02-05,Standard Processing,,,2020-02-06,,,1.0,11.0,Wednesday,2020-01
4784,US-2020-147984,2020-01-28,2020-02-05,Standard Processing,,,,,,,,Wednesday,2020-01
6778,US-2020-166037,2020-01-28,2020-02-05,Standard Processing,,,,,,,,Wednesday,2020-01
3886,US-2020-127341,2020-01-29,2020-02-05,Standard Processing,,,,,,,,Wednesday,2020-01
5030,CA-2020-139304,2020-01-29,2020-02-05,Standard Processing,,,,,,,,Wednesday,2020-01
5485,CA-2020-148999,2020-01-30,2020-02-05,Standard Processing,,,,,,,,Wednesday,2020-01
131,US-2020-164147,2020-02-02,2020-02-07,Express,,,,,,,,Friday,2020-02
7028,CA-2020-131653,2020-01-29,2020-02-07,Standard Processing,,,,,,,,Friday,2020-01
771,CA-2020-104220,2020-01-30,2020-02-07,Standard Processing,,,,,,,,Friday,2020-01
4144,CA-2020-112725,2020-01-30,2020-02-07,Standard Processing,,,,,,,,Friday,2020-01
8268,CA-2020-121790,2020-01-30,2020-02-07,Standard Processing,,,,,,,,Friday,2020-01
2263,CA-2020-122994,2020-02-06,2020-02-10,Express,,,,,,,,Monday,2020-02
7445,CA-2020-127474,2020-02-03,2020-02-10,Standard Processing,,,,,,,,Monday,2020-02
6567,CA-2020-131282,2020-02-05,2020-02-12,Standard Processing,,,,,,,,Wednesday,2020-02
5145,CA-2020-161333,2020-02-02,2020-02-12,Standard Processing,,,,,,,,Wednesday,2020-02
8747,CA-2020-128076,2020-02-02,2020-02-12,Standard Processing,,,,,,,,Wednesday,2020-02
1321,CA-2020-167703,2020-02-03,2020-02-12,Standard Processing,,,,,,,,Wednesday,2020-02
4755,CA-2020-126354,2020-02-03,2020-02-12,Standard Processing,,,,,,,,Wednesday,2020-02
7065,CA-2020-169474,2020-02-04,2020-02-12,Standard Processing,,,,,,,,Wednesday,2020-02
6839,CA-2020-107517,2020-02-05,2020-02-12,Standard Processing,,,,,,,,Wednesday,2020-02
5973,CA-2020-115105,2020-02-06,2020-02-12,Standard Processing,,,,,,,,Wednesday,2020-02
2368,CA-2020-123659,2020-02-10,2020-02-14,Express,,,,,,,,Friday,2020-02
9239,CA-2020-138156,2020-02-11,2020-02-14,Express,,,,,,,,Friday,2020-02
3146,CA-2020-131828,2020-02-11,2020-02-14,Standard Processing,,,2020-02-18,,,4.0,7.0,Friday,2020-02
7026,US-2020-101840,2020-02-06,2020-02-14,Standard Processing,,,,,,,,Friday,2020-02
7355,CA-2020-154102,2020-02-06,2020-02-14,Standard Processing,,,,,,,,Friday,2020-02
1520,CA-2020-116204,2020-02-11,2020-02-18,Standard Processing,,,,,,,,Tuesday,2020-02
7246,CA-2020-145807,2020-02-09,2020-02-18,Standard Processing,,,2020-02-25,,,7.0,16.0,Tuesday,2020-02
1535,CA-2020-124086,2020-02-10,2020-02-18,Standard Processing,,,,,,,,Tuesday,2020-02
8106,CA-2020-159149,2020-02-17,2020-02-19,Express,,,2020-02-24,,,5.0,7.0,Wednesday,2020-02
5961,CA-2020-150602,2020-02-09,2020-02-19,Standard Processing,,,,,,,,Wednesday,2020-02
3085,CA-2020-118773,2020-02-09,2020-02-19,Standard Processing,,,,,,,,Wednesday,2020-02
8483,US-2020-118535,2020-02-11,2020-02-19,Standard Processing,,,,,,,,Wednesday,2020-02
7119,CA-2020-104906,2020-02-13,2020-02-19,Standard Processing,,,,,,,,Wednesday,2020-02
9633,CA-2020-154809,2020-02-13,2020-02-19,Standard Processing,,,,,,,,Wednesday,2020-02
9344,CA-2020-109085,2020-02-17,2020-02-21,Express,,,,,,,,Friday,2020-02
3963,CA-2020-134838,2020-02-19,2020-02-21,Express,,,,,,,,Friday,2020-02
2730,CA-2020-104801,2020-02-13,2020-02-21,Standard Processing,,,2020-02-24,,,3.0,11.0,Friday,2020-02
5598,CA-2020-151176,2020-02-13,2020-02-21,Standard Processing,,,,,,,,Friday,2020-02
801,CA-2020-105809,2020-02-20,2020-02-24,Express,,,,,,,,Monday,2020-02
4362,US-2020-163195,2020-02-17,2020-02-24,Standard Processing,,,2020-03-02,,,7.0,14.0,Monday,2020-02
5388,CA-2020-164707,2020-02-18,2020-02-24,Standard Processing,,,,,,,,Monday,2020-02
1837,CA-2020-122693,2020-02-19,2020-02-24,Standard Processing,,,,,,,,Monday,2020-02
3780,CA-2020-118521,2020-02-16,2020-02-24,Standard Processing,,,,,,,,Monday,2020-02
4523,CA-2020-105445,2020-02-20,2020-02-26,Standard Processing,,,,,,,,Wednesday,2020-02
6313,CA-2020-120019,2020-02-16,2020-02-26,Standard Processing,,,2020-03-02,,,5.0,15.0,Wednesday,2020-02
8673,CA-2020-163265,2020-02-16,2020-02-26,Standard Processing,,,,,,,,Wednesday,2020-02
3860,CA-2020-154039,2020-02-17,2020-02-26,Standard Processing,,,,,,,,Wednesday,2020-02
4653,CA-2020-132647,2020-02-17,2020-02-26,Standard Processing,,,,,,,,Wednesday,2020-02
2910,CA-2020-166415,2020-02-19,2020-02-26,Standard Processing,,,,,,,,Wednesday,2020-02
3286,CA-2020-150525,2020-02-20,2020-02-26,Standard Processing,,,,,,,,Wednesday,2020-02
6027,CA-2020-136007,2020-02-23,2020-02-26,Standard Processing,,,2020-03-03,,,6.0,9.0,Wednesday,2020-02
6655,CA-2020-135937,2020-02-20,2020-02-28,Standard Processing,,,,,,,,Friday,2020-02
9318,CA-2020-124940,2020-02-21,2020-02-28,Standard Processing,,,,,,,,Friday,2020-02
9293,CA-2020-124114,2020-03-02,2020-03-02,Express,,,2020-03-06,,,4.0,4.0,Monday,2020-03
1189,CA-2020-117212,2020-02-26,2020-03-02,Standard Processing,,,,,,,,Monday,2020-02
1992,CA-2020-111374,2020-02-24,2020-03-02,Standard Processing,,,,,,,,Monday,2020-02
7227,CA-2020-127397,2020-02-24,2020-03-02,Standard Processing,,,,,,,,Monday,2020-02
2083,CA-2020-104647,2020-02-23,2020-03-04,Standard Processing,,,,,,,,Wednesday,2020-02
3765,CA-2020-125878,2020-02-25,2020-03-04,Standard Processing,,,2020-03-09,,,5.0,13.0,Wednesday,2020-02
7534,US-2020-134642,2020-02-25,2020-03-04,Standard Processing,,,,,,,,Wednesday,2020-02
6921,CA-2020-121706,2020-02-26,2020-03-04,Standard Processing,,,,,,,,Wednesday,2020-02
9991,CA-2020-121258,2020-02-26,2020-03-04,Standard Processing,,,,,,,,Wednesday,2020-02
3813,CA-2020-147753,2020-03-05,2020-03-06,Express,,,,,,,,Friday,2020-03
4744,CA-2020-168123,2020-03-05,2020-03-06,Express,,,2020-03-09,,,3.0,4.0,Friday,2020-03
5949,CA-2020-161046,2020-03-05,2020-03-06,Express,,,,,,,,Friday,2020-03
6447,US-2020-119816,2020-03-04,2020-03-09,Standard Processing,,,,,,,,Monday,2020-03
9766,CA-2020-101959,2020-02-28,2020-03-09,Standard Processing,,,,,,,,Monday,2020-02
7861,CA-2020-152261,2020-03-02,2020-03-09,Standard Processing,,,,,,,,Monday,2020-03
5151,CA-2020-125101,2020-03-06,2020-03-11,Standard Processing,,,,,,,,Wednesday,2020-03
1770,CA-2020-146024,2020-03-02,2020-03-11,Standard Processing,,,,,,,,Wednesday,2020-03
2509,CA-2020-163902,2020-03-02,2020-03-11,Standard Processing,,,,,,,,Wednesday,2020-03
7638,CA-2020-104885,2020-03-02,2020-03-11,Standard Processing,,,2020-03-16,,,5.0,14.0,Wednesday,2020-03
9252,CA-2020-155712,2020-03-02,2020-03-11,Standard Processing,,,,,,,,Wednesday,2020-03
1323,CA-2020-121804,2020-03-03,2020-03-11,Standard Processing,,,,,,,,Wednesday,2020-03
3062,CA-2020-127621,2020-03-03,2020-03-11,Standard Processing,,,,,,,,Wednesday,2020-03
3474,CA-2020-111815,2020-03-03,2020-03-11,Standard Processing,,,,,,,,Wednesday,2020-03
6576,CA-2020-123085,2020-03-03,2020-03-11,Standard Processing,,,2020-03-16,,,5.0,13.0,Wednesday,2020-03
8619,CA-2020-117513,2020-03-03,2020-03-11,Standard Processing,,,,,,,,Wednesday,2020-03
420,CA-2020-110478,2020-03-04,2020-03-11,Standard Processing,,,,,,,,Wednesday,2020-03
5296,CA-2020-142174,2020-03-04,2020-03-11,Standard Processing,,,,,,,,Wednesday,2020-03
4180,US-2020-119039,2020-03-06,2020-03-11,Standard Processing,,,,,,,,Wednesday,2020-03
6512,CA-2020-167640,2020-03-06,2020-03-11,Standard Processing,,,,,,,,Wednesday,2020-03
1372,CA-2020-136672,2020-03-07,2020-03-11,Standard Processing,,,,,,,,Wednesday,2020-03
4903,CA-2020-110884,2020-03-07,2020-03-11,Standard Processing,,,,,,,,Wednesday,2020-03
360,CA-2020-155698,2020-03-08,2020-03-13,Express,,,,,,,,Friday,2020-03
5565,CA-2020-157966,2020-03-13,2020-03-13,Express,,,,,,,,Friday,2020-03
3735,CA-2020-168193,2020-03-06,2020-03-13,Standard Processing,,,2020-03-20,,,7.0,14.0,Friday,2020-03
9312,CA-2020-148642,2020-03-06,2020-03-13,Standard Processing,,,,,,,,Friday,2020-03
7231,CA-2020-153843,2020-03-13,2020-03-16,Express,,,,,,,,Monday,2020-03
9392,CA-2020-162474,2020-03-13,2020-03-16,Express,,,,,,,,Monday,2020-03
8525,CA-2020-161172,2020-03-16,2020-03-16,Express,,,,,,,,Monday,2020-03
1926,CA-2020-102834,2020-03-09,2020-03-16,Standard Processing,,,,,,,,Monday,2020-03
8540,CA-2020-147354,2020-03-09,2020-03-16,Standard Processing,,,,,,,,Monday,2020-03
6689,CA-2020-140494,2020-03-10,2020-03-18,Standard Processing,,,,,,,,Wednesday,2020-03
4884,CA-2020-104080,2020-03-08,2020-03-18,Standard Processing,,,,,,,,Wednesday,2020-03
1254,CA-2020-144638,2020-03-10,2020-03-18,Standard Processing,,,,,,,,Wednesday,2020-03
4294,CA-2020-130967,2020-03-10,2020-03-18,Standard Processing,,,,,,,,Wednesday,2020-03
4997,CA-2020-155824,2020-03-10,2020-03-18,Standard Processing,,,2020-03-23,,,5.0,13.0,Wednesday,2020-03
8413,CA-2020-132290,2020-03-10,2020-03-18,Standard Processing,,,,,,,,Wednesday,2020-03
2994,CA-2020-147291,2020-03-11,2020-03-18,Standard Processing,,,,,,,,Wednesday,2020-03
7144,US-2020-141558,2020-03-11,2020-03-18,Standard Processing,,,,,,,,Wednesday,2020-03
8043,US-2020-133081,2020-03-11,2020-03-18,Standard Processing,,,,,,,,Wednesday,2020-03
3188,CA-2020-159352,2020-03-12,2020-03-18,Standard Processing,,,,,,,,Wednesday,2020-03
4636,CA-2020-116288,2020-03-12,2020-03-18,Standard Processing,,,2020-03-23,,,5.0,11.0,Wednesday,2020-03
5387,CA-2020-152786,2020-03-12,2020-03-18,Standard Processing,,,,,,,,Wednesday,2020-03
7922,CA-2020-107713,2020-03-13,2020-03-18,Standard Processing,,,,,,,,Wednesday,2020-03
8295,US-2020-146906,2020-03-13,2020-03-18,Standard Processing,,,,,,,,Wednesday,2020-03
9890,CA-2020-166499,2020-03-19,2020-03-20,Express,,,,,,,,Friday,2020-03
8998,CA-2020-122763,2020-03-20,2020-03-20,Express,,,2020-03-23,,,3.0,3.0,Friday,2020-03
3065,CA-2020-106859,2020-03-13,2020-03-20,Standard Processing,,,,,,,,Friday,2020-03
8440,CA-2020-114370,2020-03-14,2020-03-20,Standard Processing,,,2020-03-23,,,3.0,9.0,Friday,2020-03
1929,US-2020-101539,2020-03-16,2020-03-20,Standard Processing,,,,,,,,Friday,2020-03
7353,CA-2020-152135,2020-03-16,2020-03-20,Standard Processing,,,,,,,,Friday,2020-03
2163,CA-2020-166296,2020-03-13,2020-03-20,Standard Processing,,,,,,,,Friday,2020-03
4343,CA-2020-105410,2020-03-19,2020-03-23,Express,,,,,,,,Monday,2020-03
9122,CA-2020-122007,2020-03-18,2020-03-23,Standard Processing,,,,,,,,Monday,2020-03
4459,CA-2020-105851,2020-03-13,2020-03-23,Standard Processing,,,,,,,,Monday,2020-03
2410,CA-2020-155985,2020-03-23,2020-03-25,Express,,,,,,,,Wednesday,2020-03
8152,CA-2020-140151,2020-03-23,2020-03-25,Express,,,,,,,,Wednesday,2020-03
9530,CA-2020-101637,2020-03-24,2020-03-25,Express,,,,,,,,Wednesday,2020-03
787,CA-2020-129567,2020-03-17,2020-03-25,Standard Processing,,,,,,,,Wednesday,2020-03
2451,CA-2020-140949,2020-03-17,2020-03-25,Standard Processing,,,2020-03-30,,,5.0,13.0,Wednesday,2020-03
5230,CA-2020-124436,2020-03-19,2020-03-25,Standard Processing,,,,,,,,Wednesday,2020-03
9738,CA-2020-129294,2020-03-16,2020-03-25,Standard Processing,,,,,,,,Wednesday,2020-03
3379,CA-2020-142867,2020-03-17,2020-03-25,Standard Processing,,,,,,,,Wednesday,2020-03
8785,US-2020-129224,2020-03-17,2020-03-25,Standard Processing,,,,,,,,Wednesday,2020-03
677,US-2020-119438,2020-03-18,2020-03-25,Standard Processing,,,,,,,,Wednesday,2020-03
3707,CA-2020-160087,2020-03-18,2020-03-25,Standard Processing,,,,,,,,Wednesday,2020-03
8726,CA-2020-148145,2020-03-18,2020-03-25,Standard Processing,,,,,,,,Wednesday,2020-03
8792,CA-2020-162075,2020-03-18,2020-03-25,Standard Processing,,,,,,,,Wednesday,2020-03
9014,CA-2020-143084,2020-03-18,2020-03-25,Standard Processing,,,,,,,,Wednesday,2020-03
1477,US-2020-104955,2020-03-19,2020-03-25,Standard Processing,,,,,,,,Wednesday,2020-03
9228,CA-2020-140515,2020-03-19,2020-03-25,Standard Processing,,,2020-03-30,,,5.0,11.0,Wednesday,2020-03
2321,CA-2020-165491,2020-03-20,2020-03-25,Standard Processing,,,,,,,,Wednesday,2020-03
8155,US-2020-143770,2020-03-20,2020-03-25,Standard Processing,,,,,,,,Wednesday,2020-03
4429,CA-2020-119452,2020-03-21,2020-03-25,Standard Processing,,,,,,,,Wednesday,2020-03
8377,CA-2020-156272,2020-03-21,2020-03-25,Standard Processing,,,,,,,,Wednesday,2020-03
5645,CA-2020-120719,2020-03-23,2020-03-27,Express,,,,,,,,Friday,2020-03
7798,CA-2020-166184,2020-03-24,2020-03-27,Express,,,2020-04-01,,,5.0,8.0,Friday,2020-03
2383,US-2020-117534,2020-03-25,2020-03-27,Express,,,,,,,,Friday,2020-03
1861,US-2020-121251,2020-03-26,2020-03-27,Express,,,,,,,,Friday,2020-03
447,CA-2020-154214,2020-03-20,2020-03-27,Standard Processing,,,,,,,,Friday,2020-03
5346,CA-2020-108539,2020-03-21,2020-03-27,Standard Processing,,,,,,,,Friday,2020-03
8825,CA-2020-117156,2020-03-21,2020-03-27,Standard Processing,,,,,,,,Friday,2020-03
5021,CA-2020-136511,2020-03-23,2020-03-27,Standard Processing,,,,,,,,Friday,2020-03
4239,CA-2020-147144,2020-03-26,2020-03-30,Express,,,,,,,,Monday,2020-03
7503,US-2020-120147,2020-03-30,2020-03-30,Express,,,,,,,,Monday,2020-03
2333,CA-2020-169285,2020-03-21,2020-03-30,Standard Processing,,,,,,,,Monday,2020-03
9362,CA-2020-111591,2020-03-21,2020-03-30,Standard Processing,,,,,,,,Monday,2020-03
2843,CA-2020-135650,2020-03-23,2020-03-30,Standard Processing,,,,,,,,Monday,2020-03
4543,CA-2020-113474,2020-03-30,2020-04-01,Express,,,2020-04-07,,,6.0,8.0,Wednesday,2020-03
2104,CA-2020-167101,2020-03-24,2020-04-01,Standard Processing,,,,,,,,Wednesday,2020-03
3391,CA-2020-101077,2020-03-25,2020-04-01,Standard Processing,,,,,,,,Wednesday,2020-03
4676,CA-2020-139416,2020-03-27,2020-04-01,Standard Processing,,,,,,,,Wednesday,2020-03
9754,CA-2020-113705,2020-03-27,2020-04-01,Standard Processing,,,,,,,,Wednesday,2020-03
3105,US-2020-140074,2020-03-23,2020-04-01,Standard Processing,,,,,,,,Wednesday,2020-03
8972,CA-2020-122308,2020-03-24,2020-04-01,Standard Processing,,,,,,,,Wednesday,2020-03
1877,CA-2020-112039,2020-03-25,2020-04-01,Standard Processing,,,,,,,,Wednesday,2020-03
2941,CA-2020-155880,2020-03-25,2020-04-01,Standard Processing,,,,,,,,Wednesday,2020-03
4932,CA-2020-143651,2020-03-25,2020-04-01,Standard Processing,,,,,,,,Wednesday,2020-03
5608,CA-2020-105193,2020-03-25,2020-04-01,Standard Processing,,,,,,,,Wednesday,2020-03
7173,US-2020-141677,2020-03-26,2020-04-01,Standard Processing,,,,,,,,Wednesday,2020-03
8486,CA-2020-124716,2020-03-27,2020-04-01,Standard Processing,,,2020-04-06,,,5.0,10.0,Wednesday,2020-03
1880,US-2020-166611,2020-03-28,2020-04-01,Standard Processing,,,,,,,,Wednesday,2020-03
5740,US-2020-147886,2020-03-28,2020-04-03,Express,,,,,,,,Friday,2020-03
6562,CA-2020-144680,2020-03-31,2020-04-03,Express,,,2020-04-08,,,5.0,8.0,Friday,2020-03
4218,CA-2020-149881,2020-04-01,2020-04-03,Express,,,,,,,,Friday,2020-04
6008,CA-2020-129028,2020-04-01,2020-04-03,Express,,,,,,,,Friday,2020-04
8665,CA-2020-126634,2020-03-30,2020-04-03,Standard Processing,,,2020-04-08,,,5.0,9.0,Friday,2020-03
1338,CA-2020-100524,2020-03-31,2020-04-03,Standard Processing,,,2020-04-07,,,4.0,7.0,Friday,2020-03
3089,US-2020-159205,2020-03-31,2020-04-03,Standard Processing,,,,,,,,Friday,2020-03
5562,CA-2020-133263,2020-03-31,2020-04-03,Standard Processing,,,,,,,,Friday,2020-03
5638,CA-2020-113208,2020-03-26,2020-04-03,Standard Processing,,,2020-04-08,,,5.0,13.0,Friday,2020-03
6130,CA-2020-162033,2020-03-26,2020-04-03,Standard Processing,,,2020-04-07,,,4.0,12.0,Friday,2020-03
9788,CA-2020-144491,2020-03-27,2020-04-03,Standard Processing,,,,,,,,Friday,2020-03
3049,CA-2020-121419,2020-04-02,2020-04-06,Express,,,,,,,,Monday,2020-04
5642,CA-2020-106355,2020-04-02,2020-04-06,Express,,,,,,,,Monday,2020-04
3725,CA-2020-127264,2020-04-03,2020-04-06,Express,,,,,,,,Monday,2020-04
5720,CA-2020-126550,2020-03-29,2020-04-06,Standard Processing,,,,,,,,Monday,2020-03
4689,US-2020-154851,2020-03-30,2020-04-06,Standard Processing,,,,,,,,Monday,2020-03
5873,CA-2020-129910,2020-03-30,2020-04-06,Standard Processing,,,,,,,,Monday,2020-03
6366,CA-2020-144848,2020-04-04,2020-04-08,Express,,,,,,,,Wednesday,2020-04
9691,CA-2020-140536,2020-04-04,2020-04-08,Express,,,,,,,,Wednesday,2020-04
3243,CA-2020-114524,2020-03-31,2020-04-08,Standard Processing,,,,,,,,Wednesday,2020-03
2402,CA-2020-145877,2020-04-01,2020-04-08,Standard Processing,,,,,,,,Wednesday,2020-04
5488,CA-2020-134495,2020-04-01,2020-04-08,Standard Processing,,,,,,,,Wednesday,2020-04
469,CA-2020-154907,2020-03-31,2020-04-08,Standard Processing,,,,,,,,Wednesday,2020-03
2150,CA-2020-102771,2020-03-31,2020-04-08,Standard Processing,,,,,,,,Wednesday,2020-03
7536,US-2020-160143,2020-03-31,2020-04-08,Standard Processing,,,,,,,,Wednesday,2020-03
2617,CA-2020-147942,2020-04-01,2020-04-08,Standard Processing,,,,,,,,Wednesday,2020-04
4329,CA-2020-118360,2020-04-01,2020-04-08,Standard Processing,,,,,,,,Wednesday,2020-04
1337,US-2020-123281,2020-04-02,2020-04-08,Standard Processing,,,,,,,,Wednesday,2020-04
9670,CA-2020-145275,2020-04-02,2020-04-08,Standard Processing,,,,,,,,Wednesday,2020-04
953,CA-2020-131156,2020-04-03,2020-04-08,Standard Processing,,,,,,,,Wednesday,2020-04
6922,CA-2020-109211,2020-04-04,2020-04-08,Standard Processing,,,,,,,,Wednesday,2020-04
3503,CA-2020-125115,2020-04-10,2020-04-10,Express,,,2020-04-14,,,4.0,4.0,Friday,2020-04
965,CA-2020-135279,2020-04-09,2020-04-13,Express,,,2020-04-17,,,4.0,8.0,Monday,2020-04
1282,CA-2020-122154,2020-04-09,2020-04-13,Express,,,,,,,,Monday,2020-04
6190,CA-2020-157903,2020-04-04,2020-04-13,Standard Processing,,,,,,,,Monday,2020-04
8738,CA-2020-161592,2020-04-06,2020-04-13,Standard Processing,,,,,,,,Monday,2020-04
2119,CA-2020-155460,2020-04-13,2020-04-15,Express,,,,,,,,Wednesday,2020-04
2663,CA-2020-159604,2020-04-14,2020-04-15,Express,,,,,,,,Wednesday,2020-04
4418,CA-2020-112900,2020-04-09,2020-04-15,Standard Processing,,,,,,,,Wednesday,2020-04
5789,CA-2020-115070,2020-04-10,2020-04-15,Standard Processing,,,2020-04-21,,,6.0,11.0,Wednesday,2020-04
8416,CA-2020-107265,2020-04-06,2020-04-15,Standard Processing,,,,,,,,Wednesday,2020-04
232,US-2020-100930,2020-04-07,2020-04-15,Standard Processing,,,,,,,,Wednesday,2020-04
9443,CA-2020-165904,2020-04-07,2020-04-15,Standard Processing,,,,,,,,Wednesday,2020-04
3987,CA-2020-112333,2020-04-08,2020-04-15,Standard Processing,,,,,,,,Wednesday,2020-04
4651,CA-2020-150987,2020-04-08,2020-04-15,Standard Processing,,,,,,,,Wednesday,2020-04
5371,US-2020-136721,2020-04-08,2020-04-15,Standard Processing,,,,,,,,Wednesday,2020-04
8475,CA-2020-169404,2020-04-09,2020-04-15,Standard Processing,,,,,,,,Wednesday,2020-04
6379,CA-2020-150623,2020-04-10,2020-04-15,Standard Processing,,,,,,,,Wednesday,2020-04
7424,CA-2020-135069,2020-04-10,2020-04-15,Standard Processing,,,,,,,,Wednesday,2020-04
2001,CA-2020-166128,2020-04-11,2020-04-15,Standard Processing,,,,,,,,Wednesday,2020-04
2005,US-2020-143028,2020-04-11,2020-04-15,Standard Processing,,,,,,,,Wednesday,2020-04
8318,CA-2020-130904,2020-04-11,2020-04-15,Standard Processing,,,,,,,,Wednesday,2020-04
930,CA-2020-144932,2020-04-14,2020-04-17,Express,,,,,,,,Friday,2020-04
309,CA-2020-126774,2020-04-15,2020-04-17,Express,,,,,,,,Friday,2020-04
7369,CA-2020-161851,2020-04-15,2020-04-17,Express,,,,,,,,Friday,2020-04
1440,CA-2020-122735,2020-04-12,2020-04-17,Standard Processing,,,,,,,,Friday,2020-04
2848,CA-2020-157854,2020-04-08,2020-04-17,Standard Processing,,,,,,,,Friday,2020-04
859,CA-2020-161984,2020-04-10,2020-04-17,Standard Processing,,,,,,,,Friday,2020-04
1867,CA-2020-118857,2020-04-15,2020-04-20,Express,,,,,,,,Monday,2020-04
2740,CA-2020-122707,2020-04-16,2020-04-20,Express,,,,,,,,Monday,2020-04
3252,CA-2020-119389,2020-04-17,2020-04-20,Express,,,,,,,,Monday,2020-04
5218,CA-2020-134635,2020-04-15,2020-04-20,Standard Processing,,,,,,,,Monday,2020-04
4351,US-2020-100482,2020-04-11,2020-04-20,Standard Processing,,,,,,,,Monday,2020-04
8340,CA-2020-135076,2020-04-13,2020-04-20,Standard Processing,,,2020-04-27,,,7.0,14.0,Monday,2020-04
9405,CA-2020-141663,2020-04-13,2020-04-20,Standard Processing,,,,,,,,Monday,2020-04
9877,US-2020-166324,2020-04-20,2020-04-22,Express,,,,,,,,Wednesday,2020-04
3100,CA-2020-131233,2020-04-14,2020-04-22,Standard Processing,,,,,,,,Wednesday,2020-04
5361,US-2020-126060,2020-04-14,2020-04-22,Standard Processing,,,,,,,,Wednesday,2020-04
5646,CA-2020-127117,2020-04-14,2020-04-22,Standard Processing,,,,,,,,Wednesday,2020-04
13,CA-2020-114412,2020-04-15,2020-04-22,Standard Processing,,,,,,,,Wednesday,2020-04
5953,US-2020-141698,2020-04-15,2020-04-22,Standard Processing,,,,,,,,Wednesday,2020-04
1521,CA-2020-109946,2020-04-16,2020-04-22,Standard Processing,,,,,,,,Wednesday,2020-04
2363,CA-2020-136497,2020-04-16,2020-04-22,Standard Processing,,,,,,,,Wednesday,2020-04
2546,CA-2020-108070,2020-04-16,2020-04-22,Standard Processing,,,,,,,,Wednesday,2020-04
7723,US-2020-138086,2020-04-16,2020-04-22,Standard Processing,,,2020-04-27,,,5.0,11.0,Wednesday,2020-04
6154,CA-2020-151484,2020-04-20,2020-04-24,Express,,,,,,,,Friday,2020-04
3713,CA-2020-166198,2020-04-21,2020-04-24,Express,,,,,,,,Friday,2020-04
7184,CA-2020-128853,2020-04-21,2020-04-24,Express,,,,,,,,Friday,2020-04
7567,CA-2020-140802,2020-04-21,2020-04-24,Express,,,2020-04-27,,,3.0,6.0,Friday,2020-04
805,CA-2020-135783,2020-04-22,2020-04-24,Express,,,,,,,,Friday,2020-04
3232,US-2020-156356,2020-04-16,2020-04-24,Standard Processing,,,,,,,,Friday,2020-04
3011,CA-2020-134845,2020-04-17,2020-04-24,Standard Processing,,,2020-04-30,,,6.0,13.0,Friday,2020-04
6858,CA-2020-128965,2020-04-17,2020-04-24,Standard Processing,,,,,,,,Friday,2020-04
9588,US-2020-129203,2020-04-17,2020-04-24,Standard Processing,,,,,,,,Friday,2020-04
6033,CA-2020-104010,2020-04-23,2020-04-27,Express,,,,,,,,Monday,2020-04
6596,CA-2020-157112,2020-04-23,2020-04-27,Express,,,,,,,,Monday,2020-04
8592,CA-2020-101700,2020-04-23,2020-04-27,Express,,,,,,,,Monday,2020-04
1685,CA-2020-149489,2020-04-24,2020-04-27,Express,,,,,,,,Monday,2020-04
5978,CA-2020-116953,2020-04-24,2020-04-27,Express,,,,,,,,Monday,2020-04
6024,US-2020-128832,2020-04-24,2020-04-27,Express,,,,,,,,Monday,2020-04
6766,CA-2020-100615,2020-04-20,2020-04-27,Standard Processing,,,,,,,,Monday,2020-04
7595,CA-2020-119655,2020-04-20,2020-04-27,Standard Processing,,,,,,,,Monday,2020-04
5108,CA-2020-132213,2020-04-25,2020-04-29,Express,,,,,,,,Wednesday,2020-04
1359,CA-2020-160045,2020-04-26,2020-04-29,Express,,,,,,,,Wednesday,2020-04
4637,CA-2020-168228,2020-04-27,2020-04-29,Express,,,,,,,,Wednesday,2020-04
177,US-2020-152366,2020-04-21,2020-04-29,Standard Processing,,,,,,,,Wednesday,2020-04
3867,CA-2020-146360,2020-04-23,2020-04-29,Standard Processing,,,,,,,,Wednesday,2020-04
7241,CA-2020-136651,2020-04-23,2020-04-29,Standard Processing,,,,,,,,Wednesday,2020-04
2239,CA-2020-166849,2020-04-20,2020-04-29,Standard Processing,,,,,,,,Wednesday,2020-04
1103,US-2020-145863,2020-04-21,2020-04-29,Standard Processing,,,,,,,,Wednesday,2020-04
3027,CA-2020-169054,2020-04-22,2020-04-29,Standard Processing,,,,,,,,Wednesday,2020-04
8280,CA-2020-146192,2020-04-22,2020-04-29,Standard Processing,,,,,,,,Wednesday,2020-04
8470,US-2020-132031,2020-04-23,2020-04-29,Standard Processing,,,,,,,,Wednesday,2020-04
5527,CA-2020-166933,2020-04-24,2020-04-29,Standard Processing,,,,,,,,Wednesday,2020-04
6888,CA-2020-120222,2020-04-25,2020-04-29,Standard Processing,,,,,,,,Wednesday,2020-04
7172,CA-2020-125381,2020-04-25,2020-05-01,Standard Processing,,,2020-05-08,,,7.0,13.0,Friday,2020-04
8974,CA-2020-159226,2020-04-25,2020-05-01,Standard Processing,,,,,,,,Friday,2020-04
2600,CA-2020-108553,2020-04-23,2020-05-01,Standard Processing,,,,,,,,Friday,2020-04
3656,CA-2020-168102,2020-04-24,2020-05-01,Standard Processing,,,,,,,,Friday,2020-04
8200,CA-2020-125269,2020-04-24,2020-05-01,Standard Processing,,,,,,,,Friday,2020-04
4551,US-2020-107636,2020-04-30,2020-05-04,Express,,,,,,,,Monday,2020-04
9335,CA-2020-110198,2020-05-01,2020-05-04,Express,,,,,,,,Monday,2020-05
5075,CA-2020-151071,2020-04-25,2020-05-04,Standard Processing,,,,,,,,Monday,2020-04
5434,CA-2020-129707,2020-04-25,2020-05-04,Standard Processing,,,2020-05-08,,,4.0,13.0,Monday,2020-04
3098,CA-2020-135692,2020-04-27,2020-05-04,Standard Processing,,,,,,,,Monday,2020-04
5286,CA-2020-105991,2020-05-05,2020-05-06,Express,,,,,,,,Wednesday,2020-05
6305,CA-2020-107552,2020-05-05,2020-05-06,Express,,,,,,,,Wednesday,2020-05
6635,CA-2020-144498,2020-05-06,2020-05-06,Express,,,,,,,,Wednesday,2020-05
1728,US-2020-164056,2020-04-29,2020-05-06,Standard Processing,,,,,,,,Wednesday,2020-04
1491,CA-2020-151911,2020-04-30,2020-05-06,Standard Processing,,,,,,,,Wednesday,2020-04
2961,CA-2020-143665,2020-04-26,2020-05-06,Standard Processing,,,,,,,,Wednesday,2020-04
8638,CA-2020-151281,2020-04-27,2020-05-06,Standard Processing,,,,,,,,Wednesday,2020-04
5455,CA-2020-160962,2020-04-28,2020-05-06,Standard Processing,,,,,,,,Wednesday,2020-04
8087,CA-2020-120894,2020-04-28,2020-05-06,Standard Processing,,,,,,,,Wednesday,2020-04
8365,CA-2020-137631,2020-04-28,2020-05-06,Standard Processing,,,,,,,,Wednesday,2020-04
7157,CA-2020-126718,2020-04-29,2020-05-06,Standard Processing,,,,,,,,Wednesday,2020-04
1915,CA-2020-124597,2020-04-30,2020-05-06,Standard Processing,,,,,,,,Wednesday,2020-04
2779,CA-2020-108322,2020-04-30,2020-05-06,Standard Processing,,,,,,,,Wednesday,2020-04
4758,US-2020-144582,2020-04-30,2020-05-06,Standard Processing,,,,,,,,Wednesday,2020-04
5289,US-2020-136784,2020-04-30,2020-05-06,Standard Processing,,,,,,,,Wednesday,2020-04
5314,CA-2020-137876,2020-04-30,2020-05-06,Standard Processing,,,,,,,,Wednesday,2020-04
5526,CA-2020-154501,2020-04-30,2020-05-06,Standard Processing,,,,,,,,Wednesday,2020-04
7183,CA-2020-150609,2020-04-30,2020-05-06,Standard Processing,,,,,,,,Wednesday,2020-04
8564,US-2020-108315,2020-04-30,2020-05-06,Standard Processing,,,,,,,,Wednesday,2020-04
3896,CA-2020-110212,2020-05-01,2020-05-06,Standard Processing,,,,,,,,Wednesday,2020-05
2518,CA-2020-123134,2020-05-02,2020-05-06,Standard Processing,,,,,,,,Wednesday,2020-05
2781,CA-2020-167668,2020-05-06,2020-05-08,Express,,,,,,,,Friday,2020-05
6913,US-2020-128398,2020-05-02,2020-05-08,Standard Processing,,,,,,,,Friday,2020-05
1662,CA-2020-144526,2020-04-30,2020-05-08,Standard Processing,,,,,,,,Friday,2020-04
3410,US-2020-150847,2020-04-30,2020-05-08,Standard Processing,,,,,,,,Friday,2020-04
8235,CA-2020-102204,2020-05-01,2020-05-08,Standard Processing,,,,,,,,Friday,2020-05
4127,CA-2020-156769,2020-05-06,2020-05-11,Express,,,,,,,,Monday,2020-05
7393,CA-2020-147844,2020-05-02,2020-05-11,Standard Processing,,,,,,,,Monday,2020-05
7609,CA-2020-163209,2020-05-03,2020-05-11,Standard Processing,,,,,,,,Monday,2020-05
2467,CA-2020-128755,2020-05-04,2020-05-11,Standard Processing,,,,,,,,Monday,2020-05
8281,CA-2020-134810,2020-05-09,2020-05-13,Express,,,,,,,,Wednesday,2020-05
8417,CA-2020-118199,2020-05-09,2020-05-13,Express,,,,,,,,Wednesday,2020-05
4122,CA-2020-133823,2020-05-11,2020-05-13,Express,,,,,,,,Wednesday,2020-05
5012,US-2020-139647,2020-05-11,2020-05-13,Express,,,2020-05-15,,,2.0,4.0,Wednesday,2020-05
3632,CA-2020-132178,2020-05-03,2020-05-13,Standard Processing,,,,,,,,Wednesday,2020-05
9994,CA-2020-119914,2020-05-04,2020-05-13,Standard Processing,,,,,,,,Wednesday,2020-05
7676,CA-2020-133487,2020-05-06,2020-05-13,Standard Processing,,,,,,,,Wednesday,2020-05
9520,US-2020-104451,2020-05-08,2020-05-13,Standard Processing,,,2020-05-15,,,2.0,7.0,Wednesday,2020-05
9601,CA-2020-107797,2020-05-08,2020-05-13,Standard Processing,,,,,,,,Wednesday,2020-05
8352,CA-2020-132199,2020-05-03,2020-05-13,Standard Processing,,,,,,,,Wednesday,2020-05
1353,CA-2020-162978,2020-05-04,2020-05-13,Standard Processing,,,,,,,,Wednesday,2020-05
2958,CA-2020-168900,2020-05-04,2020-05-13,Standard Processing,,,,,,,,Wednesday,2020-05
7178,CA-2020-133067,2020-05-04,2020-05-13,Standard Processing,,,,,,,,Wednesday,2020-05
5192,US-2020-141943,2020-05-05,2020-05-13,Standard Processing,,,,,,,,Wednesday,2020-05
6264,CA-2020-160724,2020-05-05,2020-05-13,Standard Processing,,,,,,,,Wednesday,2020-05
1971,CA-2020-140242,2020-05-06,2020-05-13,Standard Processing,,,,,,,,Wednesday,2020-05
4669,US-2020-133200,2020-05-06,2020-05-13,Standard Processing,,,,,,,,Wednesday,2020-05
8442,CA-2020-145779,2020-05-06,2020-05-13,Standard Processing,,,,,,,,Wednesday,2020-05
9923,US-2020-162124,2020-05-06,2020-05-13,Standard Processing,,,,,,,,Wednesday,2020-05
3828,CA-2020-141733,2020-05-07,2020-05-13,Standard Processing,,,2020-05-15,,,2.0,8.0,Wednesday,2020-05
5001,CA-2020-159688,2020-05-07,2020-05-13,Standard Processing,,,,,,,,Wednesday,2020-05
9374,CA-2020-102820,2020-05-07,2020-05-13,Standard Processing,,,,,,,,Wednesday,2020-05
1596,CA-2020-149181,2020-05-08,2020-05-13,Standard Processing,,,,,,,,Wednesday,2020-05
3274,CA-2020-133865,2020-05-08,2020-05-13,Standard Processing,,,,,,,,Wednesday,2020-05
4471,CA-2020-156895,2020-05-08,2020-05-13,Standard Processing,,,,,,,,Wednesday,2020-05
814,CA-2020-143686,2020-05-14,2020-05-15,Express,,,,,,,,Friday,2020-05
6408,CA-2020-161774,2020-05-14,2020-05-15,Express,,,,,,,,Friday,2020-05
6667,CA-2020-122175,2020-05-12,2020-05-15,Standard Processing,,,,,,,,Friday,2020-05
6459,US-2020-133361,2020-05-14,2020-05-18,Express,,,,,,,,Monday,2020-05
1857,US-2020-158218,2020-05-12,2020-05-18,Standard Processing,,,,,,,,Monday,2020-05
4093,CA-2020-166576,2020-05-16,2020-05-20,Express,,,,,,,,Wednesday,2020-05
4423,CA-2020-159464,2020-05-18,2020-05-20,Express,,,,,,,,Wednesday,2020-05
4715,CA-2020-121643,2020-05-18,2020-05-20,Express,,,,,,,,Wednesday,2020-05
5053,US-2020-120607,2020-05-19,2020-05-20,Express,,,,,,,,Wednesday,2020-05
6907,CA-2020-149468,2020-05-20,2020-05-20,Express,,,,,,,,Wednesday,2020-05
7316,CA-2020-115322,2020-05-11,2020-05-20,Standard Processing,,,,,,,,Wednesday,2020-05
8336,CA-2020-161655,2020-05-13,2020-05-20,Standard Processing,,,,,,,,Wednesday,2020-05
957,CA-2020-102414,2020-05-15,2020-05-20,Standard Processing,,,,,,,,Wednesday,2020-05
4700,CA-2020-140298,2020-05-11,2020-05-20,Standard Processing,,,,,,,,Wednesday,2020-05
3762,CA-2020-104577,2020-05-12,2020-05-20,Standard Processing,,,,,,,,Wednesday,2020-05
5804,US-2020-106796,2020-05-12,2020-05-20,Standard Processing,,,,,,,,Wednesday,2020-05
5821,CA-2020-117632,2020-05-12,2020-05-20,Standard Processing,,,,,,,,Wednesday,2020-05
6281,CA-2020-152226,2020-05-12,2020-05-20,Standard Processing,,,,,,,,Wednesday,2020-05
2595,CA-2020-149048,2020-05-13,2020-05-20,Standard Processing,,,,,,,,Wednesday,2020-05
8622,CA-2020-104318,2020-05-13,2020-05-20,Standard Processing,,,,,,,,Wednesday,2020-05
9000,CA-2020-137785,2020-05-13,2020-05-20,Standard Processing,,,,,,,,Wednesday,2020-05
4161,CA-2020-115546,2020-05-14,2020-05-20,Standard Processing,,,,,,,,Wednesday,2020-05
4649,CA-2020-129357,2020-05-14,2020-05-20,Standard Processing,,,,,,,,Wednesday,2020-05
6545,US-2020-154872,2020-05-14,2020-05-20,Standard Processing,,,,,,,,Wednesday,2020-05
3625,CA-2020-113530,2020-05-19,2020-05-22,Standard Processing,,,,,,,,Friday,2020-05
2431,CA-2020-100748,2020-05-13,2020-05-22,Standard Processing,,,,,,,,Friday,2020-05
1245,CA-2020-133641,2020-05-14,2020-05-22,Standard Processing,,,,,,,,Friday,2020-05
2632,US-2020-110604,2020-05-15,2020-05-22,Standard Processing,,,,,,,,Friday,2020-05
5510,US-2020-152569,2020-05-15,2020-05-22,Standard Processing,,,,,,,,Friday,2020-05
7245,US-2020-151127,2020-05-22,2020-05-26,Express,,,,,,,,Tuesday,2020-05
8013,CA-2020-120168,2020-05-25,2020-05-26,Express,,,,,,,,Tuesday,2020-05
5222,CA-2020-117401,2020-05-18,2020-05-26,Standard Processing,,,,,,,,Tuesday,2020-05
4363,CA-2020-111332,2020-05-20,2020-05-26,Standard Processing,,,,,,,,Tuesday,2020-05
2844,CA-2020-112865,2020-05-18,2020-05-26,Standard Processing,,,,,,,,Tuesday,2020-05
8183,CA-2020-155642,2020-05-18,2020-05-26,Standard Processing,,,,,,,,Tuesday,2020-05
6044,CA-2020-145702,2020-05-19,2020-05-27,Standard Processing,,,,,,,,Wednesday,2020-05
6467,CA-2020-153080,2020-05-22,2020-05-27,Standard Processing,,,,,,,,Wednesday,2020-05
3941,CA-2020-117863,2020-05-18,2020-05-27,Standard Processing,,,,,,,,Wednesday,2020-05
4187,CA-2020-112536,2020-05-18,2020-05-27,Standard Processing,,,,,,,,Wednesday,2020-05
628,CA-2020-153787,2020-05-19,2020-05-27,Standard Processing,,,,,,,,Wednesday,2020-05
713,US-2020-100048,2020-05-19,2020-05-27,Standard Processing,,,,,,,,Wednesday,2020-05
2859,CA-2020-138975,2020-05-19,2020-05-27,Standard Processing,,,,,,,,Wednesday,2020-05
5454,US-2020-108700,2020-05-19,2020-05-27,Standard Processing,,,,,,,,Wednesday,2020-05
5939,CA-2020-122077,2020-05-19,2020-05-27,Standard Processing,,,,,,,,Wednesday,2020-05
6369,US-2020-147998,2020-05-19,2020-05-27,Standard Processing,,,,,,,,Wednesday,2020-05
9011,CA-2020-127803,2020-05-19,2020-05-27,Standard Processing,,,,,,,,Wednesday,2020-05
6068,CA-2020-166695,2020-05-20,2020-05-27,Standard Processing,,,,,,,,Wednesday,2020-05
9143,US-2020-166688,2020-05-20,2020-05-27,Standard Processing,,,,,,,,Wednesday,2020-05
989,CA-2020-167899,2020-05-21,2020-05-27,Standard Processing,,,,,,,,Wednesday,2020-05
5540,US-2020-150595,2020-05-22,2020-05-27,Standard Processing,,,,,,,,Wednesday,2020-05
9247,CA-2020-130106,2020-05-22,2020-05-27,Standard Processing,,,,,,,,Wednesday,2020-05
4510,CA-2020-167003,2020-05-23,2020-05-27,Standard Processing,,,,,,,,Wednesday,2020-05
7000,CA-2020-123687,2020-05-26,2020-05-29,Express,,,,,,,,Friday,2020-05
6436,US-2020-116897,2020-05-27,2020-05-29,Express,,,,,,,,Friday,2020-05
3943,CA-2020-160458,2020-05-27,2020-06-01,Standard Processing,,,,,,,,Monday,2020-05
4872,CA-2020-164042,2020-05-23,2020-06-01,Standard Processing,,,,,,,,Monday,2020-05
6671,CA-2020-161088,2020-05-25,2020-06-01,Standard Processing,,,,,,,,Monday,2020-05
6402,CA-2020-125472,2020-05-30,2020-06-03,Express,,,,,,,,Wednesday,2020-05
4838,CA-2020-106831,2020-06-01,2020-06-03,Express,,,,,,,,Wednesday,2020-06
4769,CA-2020-158883,2020-06-02,2020-06-03,Express,,,,,,,,Wednesday,2020-06
86,CA-2020-140088,2020-05-28,2020-06-03,Standard Processing,,,,,,,,Wednesday,2020-05
6242,CA-2020-141572,2020-05-28,2020-06-03,Standard Processing,,,,,,,,Wednesday,2020-05
8457,US-2020-118556,2020-05-28,2020-06-03,Standard Processing,,,,,,,,Wednesday,2020-05
9128,CA-2020-112473,2020-05-25,2020-06-03,Standard Processing,,,,,,,,Wednesday,2020-05
9067,CA-2020-152968,2020-05-26,2020-06-03,Standard Processing,,,,,,,,Wednesday,2020-05
9438,CA-2020-107853,2020-05-26,2020-06-03,Standard Processing,,,,,,,,Wednesday,2020-05
3082,US-2020-132297,2020-05-27,2020-06-03,Standard Processing,,,,,,,,Wednesday,2020-05
5376,CA-2020-134152,2020-05-27,2020-06-03,Standard Processing,,,,,,,,Wednesday,2020-05
2434,US-2020-112613,2020-05-28,2020-06-03,Standard Processing,,,,,,,,Wednesday,2020-05
8786,CA-2020-145765,2020-05-28,2020-06-03,Standard Processing,,,,,,,,Wednesday,2020-05
9132,CA-2020-100055,2020-05-28,2020-06-03,Standard Processing,,,,,,,,Wednesday,2020-05
9295,CA-2020-161340,2020-05-28,2020-06-03,Standard Processing,,,,,,,,Wednesday,2020-05
3717,CA-2020-144568,2020-05-29,2020-06-03,Standard Processing,,,,,,,,Wednesday,2020-05
8811,CA-2020-120614,2020-05-30,2020-06-03,Standard Processing,,,,,,,,Wednesday,2020-05
5874,CA-2020-133095,2020-06-04,2020-06-05,Express,,,,,,,,Friday,2020-06
9948,CA-2020-121559,2020-06-01,2020-06-05,Standard Processing,,,,,,,,Friday,2020-06
9448,CA-2020-136882,2020-05-27,2020-06-05,Standard Processing,,,,,,,,Friday,2020-05
9457,CA-2020-151855,2020-05-27,2020-06-05,Standard Processing,,,,,,,,Friday,2020-05
371,CA-2020-104745,2020-05-29,2020-06-05,Standard Processing,,,,,,,,Friday,2020-05
6248,CA-2020-121580,2020-05-29,2020-06-05,Standard Processing,,,,,,,,Friday,2020-05
3912,CA-2020-126788,2020-06-05,2020-06-08,Express,,,,,,,,Monday,2020-06
9513,CA-2020-142461,2020-05-30,2020-06-08,Standard Processing,,,,,,,,Monday,2020-05
2288,US-2020-112928,2020-06-01,2020-06-08,Standard Processing,,,,,,,,Monday,2020-06
3689,CA-2020-140760,2020-06-02,2020-06-08,Standard Processing,,,,,,,,Monday,2020-06
3404,CA-2020-168739,2020-05-29,2020-06-08,Standard Processing,,,,,,,,Monday,2020-05
7412,CA-2020-121125,2020-05-30,2020-06-08,Standard Processing,,,,,,,,Monday,2020-05
9687,CA-2020-116498,2020-05-30,2020-06-08,Standard Processing,,,,,,,,Monday,2020-05
7660,CA-2020-146493,2020-06-01,2020-06-08,Standard Processing,,,,,,,,Monday,2020-06
7815,US-2020-109316,2020-06-08,2020-06-10,Express,,,,,,,,Wednesday,2020-06
5362,CA-2020-100951,2020-06-09,2020-06-10,Express,,,,,,,,Wednesday,2020-06
3395,US-2020-131583,2020-06-10,2020-06-10,Express,,,,,,,,Wednesday,2020-06
8518,CA-2020-149720,2020-06-04,2020-06-10,Standard Processing,,,,,,,,Wednesday,2020-06
7801,CA-2020-157413,2020-06-01,2020-06-10,Standard Processing,,,,,,,,Wednesday,2020-06
1331,CA-2020-127705,2020-06-02,2020-06-10,Standard Processing,,,,,,,,Wednesday,2020-06
7733,CA-2020-143294,2020-06-02,2020-06-10,Standard Processing,,,,,,,,Wednesday,2020-06
205,CA-2020-126382,2020-06-03,2020-06-10,Standard Processing,,,,,,,,Wednesday,2020-06
5926,CA-2020-150420,2020-06-03,2020-06-10,Standard Processing,,,,,,,,Wednesday,2020-06
6125,CA-2020-145772,2020-06-03,2020-06-10,Standard Processing,,,,,,,,Wednesday,2020-06
6484,CA-2020-113908,2020-06-03,2020-06-10,Standard Processing,,,,,,,,Wednesday,2020-06
9451,CA-2020-145506,2020-06-03,2020-06-10,Standard Processing,,,,,,,,Wednesday,2020-06
1270,CA-2020-100426,2020-06-04,2020-06-10,Standard Processing,,,,,,,,Wednesday,2020-06
3193,CA-2020-158953,2020-06-04,2020-06-10,Standard Processing,,,,,,,,Wednesday,2020-06
8514,CA-2020-141614,2020-06-05,2020-06-10,Standard Processing,,,,,,,,Wednesday,2020-06
1569,US-2020-152002,2020-06-11,2020-06-12,Express,,,,,,,,Friday,2020-06
2309,US-2020-120418,2020-06-11,2020-06-12,Express,,,,,,,,Friday,2020-06
666,CA-2020-132682,2020-06-08,2020-06-12,Standard Processing,,,,,,,,Friday,2020-06
6476,CA-2020-140872,2020-06-03,2020-06-12,Standard Processing,,,,,,,,Friday,2020-06
1090,CA-2020-158407,2020-06-04,2020-06-12,Standard Processing,,,,,,,,Friday,2020-06
2928,CA-2020-158106,2020-06-04,2020-06-12,Standard Processing,,,,,,,,Friday,2020-06
485,CA-2020-140963,2020-06-10,2020-06-15,Express,,,,,,,,Monday,2020-06
2289,CA-2020-143343,2020-06-10,2020-06-15,Express,,,,,,,,Monday,2020-06
8342,CA-2020-141481,2020-06-11,2020-06-15,Express,,,,,,,,Monday,2020-06
3854,US-2020-131849,2020-06-06,2020-06-15,Standard Processing,,,,,,,,Monday,2020-06
262,US-2020-155299,2020-06-08,2020-06-15,Standard Processing,,,,,,,,Monday,2020-06
7262,CA-2020-137001,2020-06-10,2020-06-17,Standard Processing,,,,,,,,Wednesday,2020-06
7310,CA-2020-112172,2020-06-10,2020-06-17,Standard Processing,,,,,,,,Wednesday,2020-06
4220,CA-2020-134565,2020-06-11,2020-06-17,Standard Processing,,,,,,,,Wednesday,2020-06
9175,CA-2020-119424,2020-06-12,2020-06-17,Standard Processing,,,,,,,,Wednesday,2020-06
9537,CA-2020-124191,2020-06-12,2020-06-17,Standard Processing,,,,,,,,Wednesday,2020-06
4820,CA-2020-117436,2020-06-08,2020-06-17,Standard Processing,,,,,,,,Wednesday,2020-06
7506,US-2020-106579,2020-06-08,2020-06-17,Standard Processing,,,,,,,,Wednesday,2020-06
9645,US-2020-107979,2020-06-08,2020-06-17,Standard Processing,,,,,,,,Wednesday,2020-06
670,US-2020-106663,2020-06-09,2020-06-17,Standard Processing,,,,,,,,Wednesday,2020-06
8148,US-2020-146822,2020-06-09,2020-06-17,Standard Processing,,,,,,,,Wednesday,2020-06
644,CA-2020-106103,2020-06-10,2020-06-17,Standard Processing,,,,,,,,Wednesday,2020-06
4520,CA-2020-107167,2020-06-10,2020-06-17,Standard Processing,,,,,,,,Wednesday,2020-06
5219,CA-2020-167080,2020-06-10,2020-06-17,Standard Processing,,,,,,,,Wednesday,2020-06
5367,CA-2020-158071,2020-06-10,2020-06-17,Standard Processing,,,,,,,,Wednesday,2020-06
3448,CA-2020-102554,2020-06-11,2020-06-17,Standard Processing,,,,,,,,Wednesday,2020-06
5497,CA-2020-117821,2020-06-12,2020-06-17,Standard Processing,,,,,,,,Wednesday,2020-06
7731,CA-2020-104850,2020-06-13,2020-06-17,Standard Processing,,,,,,,,Wednesday,2020-06
1446,CA-2020-102337,2020-06-13,2020-06-19,Express,,,,,,,,Friday,2020-06
5476,CA-2020-169691,2020-06-15,2020-06-19,Express,,,,,,,,Friday,2020-06
2258,CA-2020-105214,2020-06-16,2020-06-19,Express,,,,,,,,Friday,2020-06
6745,CA-2020-111269,2020-06-16,2020-06-19,Standard Processing,,,,,,,,Friday,2020-06
8924,CA-2020-133928,2020-06-11,2020-06-19,Standard Processing,,,,,,,,Friday,2020-06
2638,CA-2020-108441,2020-06-12,2020-06-19,Standard Processing,,,,,,,,Friday,2020-06
98,CA-2020-157833,2020-06-17,2020-06-22,Express,,,,,,,,Monday,2020-06
2501,CA-2020-131618,2020-06-17,2020-06-22,Express,,,,,,,,Monday,2020-06
6604,CA-2020-146346,2020-06-17,2020-06-22,Express,,,,,,,,Monday,2020-06
7090,CA-2020-118864,2020-06-15,2020-06-22,Standard Processing,,,,,,,,Monday,2020-06
1456,CA-2020-148474,2020-06-12,2020-06-22,Standard Processing,,,,,,,,Monday,2020-06
2870,CA-2020-143861,2020-06-12,2020-06-22,Standard Processing,,,,,,,,Monday,2020-06
7265,CA-2020-122056,2020-06-13,2020-06-22,Standard Processing,,,,,,,,Monday,2020-06
346,CA-2020-169901,2020-06-15,2020-06-22,Standard Processing,,,,,,,,Monday,2020-06
8789,CA-2020-126914,2020-06-15,2020-06-22,Standard Processing,,,,,,,,Monday,2020-06
2500,US-2020-133781,2020-06-22,2020-06-24,Express,,,,,,,,Wednesday,2020-06
830,CA-2020-129462,2020-06-16,2020-06-24,Standard Processing,,,,,,,,Wednesday,2020-06
1012,CA-2020-118437,2020-06-17,2020-06-24,Standard Processing,,,,,,,,Wednesday,2020-06
6304,CA-2020-162712,2020-06-18,2020-06-24,Standard Processing,,,,,,,,Wednesday,2020-06
7105,CA-2020-128944,2020-06-19,2020-06-24,Standard Processing,,,,,,,,Wednesday,2020-06
673,CA-2020-111178,2020-06-15,2020-06-24,Standard Processing,,,,,,,,Wednesday,2020-06
2873,CA-2020-135167,2020-06-15,2020-06-24,Standard Processing,,,,,,,,Wednesday,2020-06
8697,CA-2020-119284,2020-06-15,2020-06-24,Standard Processing,,,,,,,,Wednesday,2020-06
267,CA-2020-136826,2020-06-16,2020-06-24,Standard Processing,,,,,,,,Wednesday,2020-06
2706,CA-2020-155873,2020-06-16,2020-06-24,Standard Processing,,,,,,,,Wednesday,2020-06
4542,US-2020-132206,2020-06-16,2020-06-24,Standard Processing,,,,,,,,Wednesday,2020-06
7915,CA-2020-165323,2020-06-17,2020-06-24,Standard Processing,,,,,,,,Wednesday,2020-06
4496,CA-2020-112753,2020-06-18,2020-06-24,Standard Processing,,,,,,,,Wednesday,2020-06
653,CA-2020-140844,2020-06-19,2020-06-24,Standard Processing,,,,,,,,Wednesday,2020-06
4101,US-2020-102288,2020-06-19,2020-06-24,Standard Processing,,,,,,,,Wednesday,2020-06
9855,CA-2020-138870,2020-06-19,2020-06-24,Standard Processing,,,,,,,,Wednesday,2020-06
823,CA-2020-101434,2020-06-20,2020-06-24,Standard Processing,,,,,,,,Wednesday,2020-06
890,CA-2020-132934,2020-06-20,2020-06-24,Standard Processing,,,,,,,,Wednesday,2020-06
1436,CA-2020-106852,2020-06-20,2020-06-24,Standard Processing,,,,,,,,Wednesday,2020-06
9689,US-2020-135986,2020-06-20,2020-06-24,Standard Processing,,,,,,,,Wednesday,2020-06
5293,CA-2020-151218,2020-06-20,2020-06-26,Express,,,,,,,,Friday,2020-06
2480,CA-2020-141992,2020-06-19,2020-06-26,Standard Processing,,,,,,,,Friday,2020-06
892,CA-2020-133256,2020-06-26,2020-06-29,Express,,,,,,,,Monday,2020-06
1629,CA-2020-101049,2020-06-21,2020-06-29,Standard Processing,,,,,,,,Monday,2020-06
4050,CA-2020-136350,2020-06-24,2020-06-29,Standard Processing,,,,,,,,Monday,2020-06
4655,CA-2020-159107,2020-06-24,2020-06-29,Standard Processing,,,,,,,,Monday,2020-06
9287,CA-2020-154011,2020-06-19,2020-06-29,Standard Processing,,,,,,,,Monday,2020-06
9828,CA-2020-169999,2020-06-19,2020-06-29,Standard Processing,,,,,,,,Monday,2020-06
7895,CA-2020-124744,2020-06-21,2020-06-29,Standard Processing,,,,,,,,Monday,2020-06
9033,CA-2020-105823,2020-06-22,2020-06-29,Standard Processing,,,,,,,,Monday,2020-06
4708,CA-2020-138149,2020-06-29,2020-07-01,Express,,,,,,,,Wednesday,2020-06
9624,CA-2020-137449,2020-06-29,2020-07-01,Express,,,,,,,,Wednesday,2020-06
1563,US-2020-102890,2020-06-30,2020-07-01,Express,,,,,,,,Wednesday,2020-06
4270,US-2020-124821,2020-06-25,2020-07-01,Standard Processing,,,,,,,,Wednesday,2020-06
9584,CA-2020-116127,2020-06-25,2020-07-01,Standard Processing,,,,,,,,Wednesday,2020-06
2764,CA-2020-165757,2020-06-22,2020-07-01,Standard Processing,,,,,,,,Wednesday,2020-06
7283,CA-2020-155936,2020-06-22,2020-07-01,Standard Processing,,,,,,,,Wednesday,2020-06
201,CA-2020-105074,2020-06-24,2020-07-01,Standard Processing,,,,,,,,Wednesday,2020-06
417,CA-2020-122105,2020-06-24,2020-07-01,Standard Processing,,,,,,,,Wednesday,2020-06
4083,US-2020-151316,2020-06-24,2020-07-01,Standard Processing,,,,,,,,Wednesday,2020-06
9937,CA-2020-132955,2020-06-24,2020-07-01,Standard Processing,,,,,,,,Wednesday,2020-06
3601,CA-2020-138310,2020-06-26,2020-07-01,Standard Processing,,,,,,,,Wednesday,2020-06
4865,CA-2020-163531,2020-06-26,2020-07-01,Standard Processing,,,,,,,,Wednesday,2020-06
6761,CA-2020-100636,2020-06-26,2020-07-01,Standard Processing,,,,,,,,Wednesday,2020-06
6940,CA-2020-107132,2020-06-26,2020-07-01,Standard Processing,,,,,,,,Wednesday,2020-06
2957,CA-2020-123638,2020-06-27,2020-07-01,Standard Processing,,,,,,,,Wednesday,2020-06
5733,CA-2020-143574,2020-06-29,2020-07-03,Express,,,,,,,,Friday,2020-06
3569,CA-2020-168109,2020-07-03,2020-07-03,Express,,,,,,,,Friday,2020-07
8733,CA-2020-116988,2020-06-27,2020-07-03,Standard Processing,,,,,,,,Friday,2020-06
8039,CA-2020-109393,2020-06-30,2020-07-03,Standard Processing,,,,,,,,Friday,2020-06
1511,CA-2020-100384,2020-06-24,2020-07-03,Standard Processing,,,,,,,,Friday,2020-06
1993,CA-2020-133648,2020-06-25,2020-07-03,Standard Processing,,,,,,,,Friday,2020-06
7454,CA-2020-134796,2020-06-25,2020-07-03,Standard Processing,,,,,,,,Friday,2020-06
887,CA-2020-115364,2020-06-26,2020-07-03,Standard Processing,,,,,,,,Friday,2020-06
2232,CA-2020-157091,2020-06-26,2020-07-03,Standard Processing,,,,,,,,Friday,2020-06
5628,CA-2020-148810,2020-06-26,2020-07-03,Standard Processing,,,,,,,,Friday,2020-06
7696,CA-2020-107958,2020-07-02,2020-07-06,Express,,,,,,,,Monday,2020-07
1394,CA-2020-124828,2020-07-03,2020-07-06,Express,,,,,,,,Monday,2020-07
8577,CA-2020-106747,2020-07-03,2020-07-06,Express,,,,,,,,Monday,2020-07
6031,US-2020-152492,2020-07-06,2020-07-06,Express,,,,,,,,Monday,2020-07
555,CA-2020-100650,2020-06-29,2020-07-06,Standard Processing,,,,,,,,Monday,2020-06
5385,CA-2020-161410,2020-06-26,2020-07-06,Standard Processing,,,,,,,,Monday,2020-06
6145,CA-2020-151190,2020-06-27,2020-07-06,Standard Processing,,,,,,,,Monday,2020-06
9569,CA-2020-104388,2020-07-05,2020-07-08,Express,,,,,,,,Wednesday,2020-07
5157,CA-2020-163006,2020-06-30,2020-07-08,Standard Processing,,,,,,,,Wednesday,2020-06
1912,CA-2020-121503,2020-07-03,2020-07-08,Standard Processing,,,,,,,,Wednesday,2020-07
3428,US-2020-111024,2020-07-03,2020-07-08,Standard Processing,,,,,,,,Wednesday,2020-07
1160,CA-2020-147039,2020-06-29,2020-07-08,Standard Processing,,,,,,,,Wednesday,2020-06
2685,CA-2020-137085,2020-06-29,2020-07-08,Standard Processing,,,,,,,,Wednesday,2020-06
3573,US-2020-126081,2020-06-29,2020-07-08,Standard Processing,,,,,,,,Wednesday,2020-06
395,CA-2020-102946,2020-06-30,2020-07-08,Standard Processing,,,,,,,,Wednesday,2020-06
2587,CA-2020-131695,2020-06-30,2020-07-08,Standard Processing,,,,,,,,Wednesday,2020-06
5618,CA-2020-125745,2020-06-30,2020-07-08,Standard Processing,,,,,,,,Wednesday,2020-06
8118,US-2020-113201,2020-06-30,2020-07-08,Standard Processing,,,,,,,,Wednesday,2020-06
8275,CA-2020-164112,2020-06-30,2020-07-08,Standard Processing,,,,,,,,Wednesday,2020-06
1304,US-2020-126179,2020-07-03,2020-07-08,Standard Processing,,,,,,,,Wednesday,2020-07
1673,CA-2020-111647,2020-07-03,2020-07-08,Standard Processing,,,,,,,,Wednesday,2020-07
5930,US-2020-169551,2020-07-07,2020-07-10,Express,,,,,,,,Friday,2020-07
3216,CA-2020-150189,2020-07-08,2020-07-10,Express,,,,,,,,Friday,2020-07
1263,CA-2020-105053,2020-07-07,2020-07-10,Standard Processing,,,,,,,,Friday,2020-07
2371,CA-2020-155152,2020-07-07,2020-07-10,Standard Processing,,,,,,,,Friday,2020-07
3396,US-2020-148362,2020-07-01,2020-07-10,Standard Processing,,,,,,,,Friday,2020-07
3663,US-2020-129777,2020-07-03,2020-07-10,Standard Processing,,,,,,,,Friday,2020-07
6153,CA-2020-139437,2020-07-03,2020-07-10,Standard Processing,,,,,,,,Friday,2020-07
7870,US-2020-166233,2020-07-03,2020-07-10,Standard Processing,,,,,,,,Friday,2020-07
1369,CA-2020-133249,2020-07-08,2020-07-13,Express,,,,,,,,Monday,2020-07
1044,CA-2020-115651,2020-07-09,2020-07-13,Express,,,,,,,,Monday,2020-07
2437,CA-2020-140053,2020-07-03,2020-07-13,Standard Processing,,,,,,,,Monday,2020-07
4296,CA-2020-169124,2020-07-03,2020-07-13,Standard Processing,,,,,,,,Monday,2020-07
2927,CA-2020-128629,2020-07-10,2020-07-15,Standard Processing,,,,,,,,Wednesday,2020-07
4230,CA-2020-100223,2020-07-05,2020-07-15,Standard Processing,,,,,,,,Wednesday,2020-07
199,US-2020-124303,2020-07-06,2020-07-15,Standard Processing,,,,,,,,Wednesday,2020-07
6743,US-2020-101784,2020-07-06,2020-07-15,Standard Processing,,,,,,,,Wednesday,2020-07
8492,CA-2020-106824,2020-07-07,2020-07-15,Standard Processing,,,,,,,,Wednesday,2020-07
347,CA-2020-134306,2020-07-08,2020-07-15,Standard Processing,,,,,,,,Wednesday,2020-07
4536,CA-2020-138464,2020-07-08,2020-07-15,Standard Processing,,,,,,,,Wednesday,2020-07
8405,CA-2020-140480,2020-07-08,2020-07-15,Standard Processing,,,,,,,,Wednesday,2020-07
9531,CA-2020-111759,2020-07-08,2020-07-15,Standard Processing,,,,,,,,Wednesday,2020-07
2233,CA-2020-132122,2020-07-09,2020-07-15,Standard Processing,,,,,,,,Wednesday,2020-07
2574,CA-2020-145128,2020-07-09,2020-07-15,Standard Processing,,,,,,,,Wednesday,2020-07
3107,CA-2020-127460,2020-07-10,2020-07-15,Standard Processing,,,,,,,,Wednesday,2020-07
8038,CA-2020-169012,2020-07-10,2020-07-15,Standard Processing,,,,,,,,Wednesday,2020-07
6231,CA-2020-127656,2020-07-11,2020-07-15,Standard Processing,,,,,,,,Wednesday,2020-07
8587,CA-2020-162015,2020-07-11,2020-07-15,Standard Processing,,,,,,,,Wednesday,2020-07
8714,CA-2020-136623,2020-07-11,2020-07-15,Standard Processing,,,,,,,,Wednesday,2020-07
7690,US-2020-128951,2020-07-15,2020-07-17,Express,,,,,,,,Friday,2020-07
2705,CA-2020-156818,2020-07-11,2020-07-17,Standard Processing,,,,,,,,Friday,2020-07
1621,CA-2020-108560,2020-07-08,2020-07-17,Standard Processing,,,,,,,,Friday,2020-07
977,US-2020-100209,2020-07-09,2020-07-17,Standard Processing,,,,,,,,Friday,2020-07
6141,CA-2020-121083,2020-07-09,2020-07-17,Standard Processing,,,,,,,,Friday,2020-07
4804,CA-2020-136364,2020-07-13,2020-07-20,Standard Processing,,,,,,,,Monday,2020-07
1473,CA-2020-164959,2020-07-11,2020-07-20,Standard Processing,,,,,,,,Monday,2020-07
5976,CA-2020-102155,2020-07-13,2020-07-20,Standard Processing,,,,,,,,Monday,2020-07
4273,US-2020-158505,2020-07-21,2020-07-22,Express,,,,,,,,Wednesday,2020-07
5498,CA-2020-164378,2020-07-15,2020-07-22,Standard Processing,,,,,,,,Wednesday,2020-07
24,US-2020-156909,2020-07-16,2020-07-22,Standard Processing,,,,,,,,Wednesday,2020-07
5649,CA-2020-142342,2020-07-17,2020-07-22,Standard Processing,,,,,,,,Wednesday,2020-07
9010,CA-2020-106047,2020-07-12,2020-07-22,Standard Processing,,,,,,,,Wednesday,2020-07
7496,CA-2020-121048,2020-07-14,2020-07-22,Standard Processing,,,,,,,,Wednesday,2020-07
7509,US-2020-161935,2020-07-14,2020-07-22,Standard Processing,,,,,,,,Wednesday,2020-07
2091,CA-2020-166142,2020-07-15,2020-07-22,Standard Processing,,,,,,,,Wednesday,2020-07
2572,CA-2020-109778,2020-07-16,2020-07-22,Standard Processing,,,,,,,,Wednesday,2020-07
4573,CA-2020-126662,2020-07-17,2020-07-22,Standard Processing,,,,,,,,Wednesday,2020-07
3915,US-2020-142573,2020-07-18,2020-07-22,Standard Processing,,,,,,,,Wednesday,2020-07
7043,US-2020-165358,2020-07-18,2020-07-22,Standard Processing,,,,,,,,Wednesday,2020-07
8639,CA-2020-118346,2020-07-23,2020-07-24,Express,,,,,,,,Friday,2020-07
6902,US-2020-135013,2020-07-24,2020-07-24,Express,,,,,,,,Friday,2020-07
9830,US-2020-152842,2020-07-16,2020-07-24,Standard Processing,,,,,,,,Friday,2020-07
2440,CA-2020-139948,2020-07-17,2020-07-24,Standard Processing,,,,,,,,Friday,2020-07
4526,US-2020-105046,2020-07-17,2020-07-24,Standard Processing,,,,,,,,Friday,2020-07
9230,CA-2020-133718,2020-07-23,2020-07-27,Express,,,,,,,,Monday,2020-07
8327,CA-2020-103478,2020-07-21,2020-07-27,Standard Processing,,,,,,,,Monday,2020-07
3155,CA-2020-150497,2020-07-20,2020-07-27,Standard Processing,,,,,,,,Monday,2020-07
7930,CA-2020-167549,2020-07-25,2020-07-29,Express,,,,,,,,Wednesday,2020-07
7084,CA-2020-118724,2020-07-21,2020-07-29,Standard Processing,,,,,,,,Wednesday,2020-07
4373,US-2020-169320,2020-07-23,2020-07-29,Standard Processing,,,,,,,,Wednesday,2020-07
579,CA-2020-118640,2020-07-20,2020-07-29,Standard Processing,,,,,,,,Wednesday,2020-07
2314,CA-2020-122035,2020-07-20,2020-07-29,Standard Processing,,,,,,,,Wednesday,2020-07
9319,US-2020-108343,2020-07-20,2020-07-29,Standard Processing,,,,,,,,Wednesday,2020-07
645,US-2020-127719,2020-07-21,2020-07-29,Standard Processing,,,,,,,,Wednesday,2020-07
5013,US-2020-160465,2020-07-21,2020-07-29,Standard Processing,,,,,,,,Wednesday,2020-07
6584,CA-2020-104731,2020-07-21,2020-07-29,Standard Processing,,,,,,,,Wednesday,2020-07
6699,CA-2020-145429,2020-07-21,2020-07-29,Standard Processing,,,,,,,,Wednesday,2020-07
6832,US-2020-123204,2020-07-21,2020-07-29,Standard Processing,,,,,,,,Wednesday,2020-07
7845,US-2020-123834,2020-07-21,2020-07-29,Standard Processing,,,,,,,,Wednesday,2020-07
9809,CA-2020-145093,2020-07-21,2020-07-29,Standard Processing,,,,,,,,Wednesday,2020-07
3197,CA-2020-109750,2020-07-22,2020-07-29,Standard Processing,,,,,,,,Wednesday,2020-07
8119,US-2020-106551,2020-07-22,2020-07-29,Standard Processing,,,,,,,,Wednesday,2020-07
759,CA-2020-117240,2020-07-23,2020-07-29,Standard Processing,,,,,,,,Wednesday,2020-07
6262,CA-2020-103506,2020-07-23,2020-07-29,Standard Processing,,,,,,,,Wednesday,2020-07
8185,US-2020-101721,2020-07-23,2020-07-29,Standard Processing,,,,,,,,Wednesday,2020-07
9589,CA-2020-110940,2020-07-23,2020-07-29,Standard Processing,,,,,,,,Wednesday,2020-07
2856,CA-2020-169810,2020-07-25,2020-07-29,Standard Processing,,,,,,,,Wednesday,2020-07
5713,CA-2020-115805,2020-07-31,2020-07-31,Express,,,,,,,,Friday,2020-07
6783,CA-2020-121293,2020-07-25,2020-07-31,Standard Processing,,,,,,,,Friday,2020-07
7894,CA-2020-125367,2020-07-23,2020-07-31,Standard Processing,,,,,,,,Friday,2020-07
7659,CA-2020-155740,2020-07-30,2020-08-03,Express,,,,,,,,Monday,2020-07
6455,CA-2020-161102,2020-07-31,2020-08-03,Express,,,,,,,,Monday,2020-07
4126,CA-2020-123239,2020-07-27,2020-08-03,Standard Processing,,,,,,,,Monday,2020-07
5116,CA-2020-125640,2020-07-25,2020-08-03,Standard Processing,,,,,,,,Monday,2020-07
5297,CA-2020-108791,2020-07-27,2020-08-03,Standard Processing,,,,,,,,Monday,2020-07
1010,CA-2020-135034,2020-08-01,2020-08-05,Express,,,,,,,,Wednesday,2020-08
2008,CA-2020-165386,2020-08-03,2020-08-05,Express,,,,,,,,Wednesday,2020-08
8094,CA-2020-133046,2020-07-27,2020-08-05,Standard Processing,,,,,,,,Wednesday,2020-07
9808,CA-2020-107209,2020-07-27,2020-08-05,Standard Processing,,,,,,,,Wednesday,2020-07
1735,CA-2020-101483,2020-07-29,2020-08-05,Standard Processing,,,,,,,,Wednesday,2020-07
2713,CA-2020-146031,2020-07-29,2020-08-05,Standard Processing,,,,,,,,Wednesday,2020-07
642,CA-2020-167913,2020-07-30,2020-08-05,Standard Processing,,,,,,,,Wednesday,2020-07
8302,US-2020-167318,2020-07-26,2020-08-05,Standard Processing,,,,,,,,Wednesday,2020-07
2219,CA-2020-130841,2020-07-28,2020-08-05,Standard Processing,,,,,,,,Wednesday,2020-07
1845,US-2020-113852,2020-07-29,2020-08-05,Standard Processing,,,,,,,,Wednesday,2020-07
2227,CA-2020-130771,2020-07-29,2020-08-05,Standard Processing,,,,,,,,Wednesday,2020-07
5025,US-2020-130953,2020-07-29,2020-08-05,Standard Processing,,,,,,,,Wednesday,2020-07
6911,US-2020-115301,2020-07-29,2020-08-05,Standard Processing,,,,,,,,Wednesday,2020-07
3785,CA-2020-125752,2020-07-31,2020-08-05,Standard Processing,,,,,,,,Wednesday,2020-07
9703,CA-2020-147032,2020-07-31,2020-08-05,Standard Processing,,,,,,,,Wednesday,2020-07
1834,CA-2020-162691,2020-08-01,2020-08-05,Standard Processing,,,,,,,,Wednesday,2020-08
1206,CA-2020-133235,2020-08-01,2020-08-07,Express,,,,,,,,Friday,2020-08
9982,CA-2020-163566,2020-08-03,2020-08-07,Express,,,,,,,,Friday,2020-08
5090,CA-2020-132738,2020-08-04,2020-08-07,Express,,,,,,,,Friday,2020-08
2186,CA-2020-124576,2020-08-01,2020-08-07,Standard Processing,,,,,,,,Friday,2020-08
7088,US-2020-143175,2020-08-03,2020-08-07,Standard Processing,,,,,,,,Friday,2020-08
7739,CA-2020-141103,2020-07-30,2020-08-07,Standard Processing,,,,,,,,Friday,2020-07
2225,CA-2020-121909,2020-07-31,2020-08-07,Standard Processing,,,,,,,,Friday,2020-07
6691,US-2020-165869,2020-07-31,2020-08-07,Standard Processing,,,,,,,,Friday,2020-07
9439,CA-2020-126144,2020-07-31,2020-08-07,Standard Processing,,,,,,,,Friday,2020-07
1443,CA-2020-117695,2020-08-05,2020-08-10,Express,,,,,,,,Monday,2020-08
6081,CA-2020-154676,2020-08-05,2020-08-10,Express,,,,,,,,Monday,2020-08
7652,CA-2020-110821,2020-08-07,2020-08-10,Express,,,,,,,,Monday,2020-08
6912,CA-2020-168942,2020-08-01,2020-08-10,Standard Processing,,,,,,,,Monday,2020-08
9208,CA-2020-140781,2020-08-03,2020-08-10,Standard Processing,,,,,,,,Monday,2020-08
7765,US-2020-118941,2020-08-12,2020-08-12,Express,,,,,,,,Wednesday,2020-08
4632,CA-2020-168396,2020-08-03,2020-08-12,Standard Processing,,,,,,,,Wednesday,2020-08
9209,CA-2020-141747,2020-08-03,2020-08-12,Standard Processing,,,,,,,,Wednesday,2020-08
1933,CA-2020-161200,2020-08-06,2020-08-12,Standard Processing,,,,,,,,Wednesday,2020-08
2746,CA-2020-163321,2020-08-07,2020-08-12,Standard Processing,,,,,,,,Wednesday,2020-08
5243,CA-2020-146367,2020-08-04,2020-08-12,Standard Processing,,,,,,,,Wednesday,2020-08
6641,CA-2020-128328,2020-08-05,2020-08-12,Standard Processing,,,,,,,,Wednesday,2020-08
5530,CA-2020-136609,2020-08-06,2020-08-12,Standard Processing,,,,,,,,Wednesday,2020-08
7403,CA-2020-168172,2020-08-06,2020-08-12,Standard Processing,,,,,,,,Wednesday,2020-08
4262,CA-2020-158344,2020-08-07,2020-08-12,Standard Processing,,,,,,,,Wednesday,2020-08
9180,CA-2020-156776,2020-08-07,2020-08-12,Standard Processing,,,,,,,,Wednesday,2020-08
4026,CA-2020-139311,2020-08-11,2020-08-14,Express,,,,,,,,Friday,2020-08
2864,US-2020-103828,2020-08-13,2020-08-14,Express,,,,,,,,Friday,2020-08
6693,CA-2020-160899,2020-08-11,2020-08-14,Standard Processing,,,,,,,,Friday,2020-08
6399,CA-2020-151981,2020-08-06,2020-08-14,Standard Processing,,,,,,,,Friday,2020-08
3574,CA-2020-117023,2020-08-07,2020-08-14,Standard Processing,,,,,,,,Friday,2020-08
4105,US-2020-155999,2020-08-07,2020-08-14,Standard Processing,,,,,,,,Friday,2020-08
4458,CA-2020-115175,2020-08-07,2020-08-14,Standard Processing,,,,,,,,Friday,2020-08
5762,CA-2020-158169,2020-08-12,2020-08-17,Express,,,,,,,,Monday,2020-08
7267,CA-2020-122987,2020-08-16,2020-08-17,Express,,,,,,,,Monday,2020-08
1920,US-2020-111423,2020-08-17,2020-08-19,Express,,,,,,,,Wednesday,2020-08
6728,CA-2020-145443,2020-08-10,2020-08-19,Standard Processing,,,,,,,,Wednesday,2020-08
2398,CA-2020-169264,2020-08-14,2020-08-19,Standard Processing,,,,,,,,Wednesday,2020-08
2188,CA-2020-143063,2020-08-10,2020-08-19,Standard Processing,,,,,,,,Wednesday,2020-08
9385,CA-2020-100433,2020-08-11,2020-08-19,Standard Processing,,,,,,,,Wednesday,2020-08
2863,CA-2020-106537,2020-08-12,2020-08-19,Standard Processing,,,,,,,,Wednesday,2020-08
7898,CA-2020-128363,2020-08-13,2020-08-19,Standard Processing,,,,,,,,Wednesday,2020-08
2460,CA-2020-138548,2020-08-15,2020-08-19,Standard Processing,,,,,,,,Wednesday,2020-08
2855,CA-2020-137344,2020-08-20,2020-08-21,Express,,,,,,,,Friday,2020-08
6416,CA-2020-144750,2020-08-21,2020-08-21,Express,,,,,,,,Friday,2020-08
2535,US-2020-117723,2020-08-15,2020-08-21,Standard Processing,,,,,,,,Friday,2020-08
8254,CA-2020-152310,2020-08-12,2020-08-21,Standard Processing,,,,,,,,Friday,2020-08
6071,CA-2020-167542,2020-08-13,2020-08-21,Standard Processing,,,,,,,,Friday,2020-08
7376,CA-2020-100580,2020-08-13,2020-08-21,Standard Processing,,,,,,,,Friday,2020-08
3335,US-2020-109253,2020-08-21,2020-08-24,Express,,,,,,,,Monday,2020-08
6712,CA-2020-163069,2020-08-18,2020-08-24,Standard Processing,,,,,,,,Monday,2020-08
4491,CA-2020-105921,2020-08-14,2020-08-24,Standard Processing,,,,,,,,Monday,2020-08
5295,CA-2020-144883,2020-08-15,2020-08-24,Standard Processing,,,,,,,,Monday,2020-08
5235,CA-2020-131037,2020-08-22,2020-08-26,Express,,,,,,,,Wednesday,2020-08
6105,US-2020-132381,2020-08-22,2020-08-26,Express,,,,,,,,Wednesday,2020-08
7244,CA-2020-118892,2020-08-17,2020-08-26,Standard Processing,,,,,,,,Wednesday,2020-08
617,CA-2020-117947,2020-08-18,2020-08-26,Standard Processing,,,,,,,,Wednesday,2020-08
2025,US-2020-111241,2020-08-20,2020-08-26,Standard Processing,,,,,,,,Wednesday,2020-08
425,CA-2020-155705,2020-08-21,2020-08-26,Standard Processing,,,,,,,,Wednesday,2020-08
8040,CA-2020-121489,2020-08-21,2020-08-26,Standard Processing,,,,,,,,Wednesday,2020-08
6413,CA-2020-151211,2020-08-17,2020-08-26,Standard Processing,,,,,,,,Wednesday,2020-08
7185,CA-2020-133102,2020-08-17,2020-08-26,Standard Processing,,,,,,,,Wednesday,2020-08
7934,CA-2020-166093,2020-08-17,2020-08-26,Standard Processing,,,,,,,,Wednesday,2020-08
1513,CA-2020-112809,2020-08-18,2020-08-26,Standard Processing,,,,,,,,Wednesday,2020-08
4277,CA-2020-151358,2020-08-18,2020-08-26,Standard Processing,,,,,,,,Wednesday,2020-08
5612,CA-2020-121027,2020-08-18,2020-08-26,Standard Processing,,,,,,,,Wednesday,2020-08
6210,CA-2020-119809,2020-08-18,2020-08-26,Standard Processing,,,,,,,,Wednesday,2020-08
6898,CA-2020-122028,2020-08-18,2020-08-26,Standard Processing,,,,,,,,Wednesday,2020-08
8607,CA-2020-162936,2020-08-18,2020-08-26,Standard Processing,,,,,,,,Wednesday,2020-08
4415,CA-2020-132339,2020-08-19,2020-08-26,Standard Processing,,,,,,,,Wednesday,2020-08
4921,CA-2020-101728,2020-08-19,2020-08-26,Standard Processing,,,,,,,,Wednesday,2020-08
6425,CA-2020-115777,2020-08-19,2020-08-26,Standard Processing,,,,,,,,Wednesday,2020-08
8806,US-2020-100398,2020-08-19,2020-08-26,Standard Processing,,,,,,,,Wednesday,2020-08
5965,CA-2020-119011,2020-08-20,2020-08-26,Standard Processing,,,,,,,,Wednesday,2020-08
9901,CA-2020-117646,2020-08-21,2020-08-26,Standard Processing,,,,,,,,Wednesday,2020-08
7914,US-2020-105697,2020-08-25,2020-08-28,Express,,,,,,,,Friday,2020-08
9585,CA-2020-132584,2020-08-26,2020-08-28,Express,,,,,,,,Friday,2020-08
8935,CA-2020-130036,2020-08-27,2020-08-28,Express,,,,,,,,Friday,2020-08
4298,CA-2020-129021,2020-08-23,2020-08-28,Standard Processing,,,,,,,,Friday,2020-08
6025,CA-2020-139717,2020-08-24,2020-08-28,Standard Processing,,,,,,,,Friday,2020-08
7743,CA-2020-105326,2020-08-20,2020-08-28,Standard Processing,,,,,,,,Friday,2020-08
8860,US-2020-114356,2020-08-20,2020-08-28,Standard Processing,,,,,,,,Friday,2020-08
3604,CA-2020-112956,2020-08-21,2020-08-28,Standard Processing,,,,,,,,Friday,2020-08
1796,US-2020-139465,2020-08-27,2020-08-31,Express,,,,,,,,Monday,2020-08
2918,CA-2020-155047,2020-08-27,2020-08-31,Express,,,,,,,,Monday,2020-08
3382,US-2020-162208,2020-08-27,2020-08-31,Express,,,,,,,,Monday,2020-08
1483,CA-2020-101210,2020-08-25,2020-08-31,Standard Processing,,,,,,,,Monday,2020-08
827,CA-2020-126956,2020-08-21,2020-08-31,Standard Processing,,,,,,,,Monday,2020-08
9270,US-2020-102183,2020-08-21,2020-08-31,Standard Processing,,,,,,,,Monday,2020-08
5220,CA-2020-145653,2020-09-01,2020-09-02,Express,,,,,,,,Wednesday,2020-09
9031,CA-2020-128041,2020-09-01,2020-09-02,Express,,,,,,,,Wednesday,2020-09
9262,CA-2020-111388,2020-09-02,2020-09-02,Express,,,,,,,,Wednesday,2020-09
3748,CA-2020-161956,2020-08-27,2020-09-02,Standard Processing,,,,,,,,Wednesday,2020-08
8576,CA-2020-101273,2020-08-27,2020-09-02,Standard Processing,,,,,,,,Wednesday,2020-08
4238,CA-2020-104024,2020-08-29,2020-09-02,Standard Processing,,,,,,,,Wednesday,2020-08
5403,CA-2020-123043,2020-08-24,2020-09-02,Standard Processing,,,,,,,,Wednesday,2020-08
875,CA-2020-114636,2020-08-25,2020-09-02,Standard Processing,,,,,,,,Wednesday,2020-08
8635,CA-2020-159793,2020-08-25,2020-09-02,Standard Processing,,,,,,,,Wednesday,2020-08
2717,CA-2020-128475,2020-08-26,2020-09-02,Standard Processing,,,,,,,,Wednesday,2020-08
8129,CA-2020-157350,2020-08-26,2020-09-02,Standard Processing,,,,,,,,Wednesday,2020-08
378,US-2020-134481,2020-08-27,2020-09-02,Standard Processing,,,,,,,,Wednesday,2020-08
4340,CA-2020-133501,2020-08-27,2020-09-02,Standard Processing,,,,,,,,Wednesday,2020-08
9386,CA-2020-163097,2020-08-27,2020-09-02,Standard Processing,,,,,,,,Wednesday,2020-08
3923,CA-2020-146920,2020-08-28,2020-09-02,Standard Processing,,,,,,,,Wednesday,2020-08
4598,US-2020-169502,2020-08-28,2020-09-02,Standard Processing,,,,,,,,Wednesday,2020-08
8116,CA-2020-101014,2020-08-29,2020-09-02,Standard Processing,,,,,,,,Wednesday,2020-08
1942,CA-2020-144064,2020-08-29,2020-09-04,Express,,,,,,,,Friday,2020-08
6406,CA-2020-154074,2020-08-31,2020-09-04,Standard Processing,,,,,,,,Friday,2020-08
2483,CA-2020-126067,2020-08-28,2020-09-04,Standard Processing,,,,,,,,Friday,2020-08
3080,CA-2020-101182,2020-09-04,2020-09-07,Express,,,,,,,,Monday,2020-09
3081,CA-2020-101182,2020-09-04,2020-09-08,Express,,,,,,,,Tuesday,2020-09
3513,CA-2020-140326,2020-09-04,2020-09-08,Express,,,,,,,,Tuesday,2020-09
9129,US-2020-147655,2020-09-04,2020-09-08,Express,,,,,,,,Tuesday,2020-09
7141,CA-2020-128783,2020-09-07,2020-09-08,Express,,,,,,,,Tuesday,2020-09
2842,US-2020-135062,2020-08-31,2020-09-08,Standard Processing,,,,,,,,Tuesday,2020-08
9284,CA-2020-102218,2020-09-02,2020-09-08,Standard Processing,,,,,,,,Tuesday,2020-09
9847,CA-2020-169327,2020-09-02,2020-09-08,Standard Processing,,,,,,,,Tuesday,2020-09
4990,CA-2020-107321,2020-08-31,2020-09-08,Standard Processing,,,,,,,,Tuesday,2020-08
1562,CA-2020-107293,2020-09-05,2020-09-09,Express,,,,,,,,Wednesday,2020-09
4085,CA-2020-163692,2020-09-07,2020-09-09,Express,,,,,,,,Wednesday,2020-09
5547,CA-2020-151008,2020-09-07,2020-09-09,Express,,,,,,,,Wednesday,2020-09
9539,US-2020-169488,2020-09-07,2020-09-09,Express,,,,,,,,Wednesday,2020-09
8325,CA-2020-144456,2020-09-08,2020-09-09,Express,,,,,,,,Wednesday,2020-09
3231,CA-2020-131625,2020-09-01,2020-09-09,Standard Processing,,,,,,,,Wednesday,2020-09
6680,CA-2020-145037,2020-09-02,2020-09-09,Standard Processing,,,,,,,,Wednesday,2020-09
537,US-2020-122637,2020-09-03,2020-09-09,Standard Processing,,,,,,,,Wednesday,2020-09
5826,CA-2020-161067,2020-09-03,2020-09-09,Standard Processing,,,,,,,,Wednesday,2020-09
5859,US-2020-153255,2020-09-03,2020-09-09,Standard Processing,,,,,,,,Wednesday,2020-09
2478,CA-2020-102750,2020-09-04,2020-09-09,Standard Processing,,,,,,,,Wednesday,2020-09
5459,CA-2020-116680,2020-09-04,2020-09-09,Standard Processing,,,,,,,,Wednesday,2020-09
6724,US-2020-166394,2020-09-04,2020-09-09,Standard Processing,,,,,,,,Wednesday,2020-09
7918,CA-2020-100783,2020-09-04,2020-09-09,Standard Processing,,,,,,,,Wednesday,2020-09
1532,CA-2020-159884,2020-08-31,2020-09-09,Standard Processing,,,,,,,,Wednesday,2020-08
3655,CA-2020-133004,2020-08-31,2020-09-09,Standard Processing,,,,,,,,Wednesday,2020-08
5610,CA-2020-117198,2020-08-31,2020-09-09,Standard Processing,,,,,,,,Wednesday,2020-08
7064,CA-2020-127712,2020-08-31,2020-09-09,Standard Processing,,,,,,,,Wednesday,2020-08
9664,CA-2020-132619,2020-08-31,2020-09-09,Standard Processing,,,,,,,,Wednesday,2020-08
4332,CA-2020-107909,2020-09-01,2020-09-09,Standard Processing,,,,,,,,Wednesday,2020-09
4723,US-2020-135230,2020-09-01,2020-09-09,Standard Processing,,,,,,,,Wednesday,2020-09
702,CA-2020-114552,2020-09-02,2020-09-09,Standard Processing,,,,,,,,Wednesday,2020-09
910,CA-2020-137596,2020-09-02,2020-09-09,Standard Processing,,,,,,,,Wednesday,2020-09
933,CA-2020-114216,2020-09-02,2020-09-09,Standard Processing,,,,,,,,Wednesday,2020-09
1266,CA-2020-110380,2020-09-02,2020-09-09,Standard Processing,,,,,,,,Wednesday,2020-09
1947,CA-2020-157987,2020-09-02,2020-09-09,Standard Processing,,,,,,,,Wednesday,2020-09
3934,CA-2020-123001,2020-09-02,2020-09-09,Standard Processing,,,,,,,,Wednesday,2020-09
6903,CA-2020-111220,2020-09-02,2020-09-09,Standard Processing,,,,,,,,Wednesday,2020-09
7223,CA-2020-113075,2020-09-02,2020-09-09,Standard Processing,,,,,,,,Wednesday,2020-09
7440,US-2020-163657,2020-09-02,2020-09-09,Standard Processing,,,,,,,,Wednesday,2020-09
9274,CA-2020-146983,2020-09-02,2020-09-09,Standard Processing,,,,,,,,Wednesday,2020-09
712,CA-2020-146136,2020-09-03,2020-09-09,Standard Processing,,,,,,,,Wednesday,2020-09
3587,CA-2020-161823,2020-09-03,2020-09-09,Standard Processing,,,,,,,,Wednesday,2020-09
5636,CA-2020-123022,2020-09-03,2020-09-09,Standard Processing,,,,,,,,Wednesday,2020-09
6351,CA-2020-161557,2020-09-03,2020-09-09,Standard Processing,,,,,,,,Wednesday,2020-09
7322,CA-2020-167626,2020-09-03,2020-09-09,Standard Processing,,,,,,,,Wednesday,2020-09
1496,CA-2020-152485,2020-09-04,2020-09-09,Standard Processing,,,,,,,,Wednesday,2020-09
1556,CA-2020-120761,2020-09-04,2020-09-09,Standard Processing,,,,,,,,Wednesday,2020-09
3618,CA-2020-141929,2020-09-04,2020-09-09,Standard Processing,,,,,,,,Wednesday,2020-09
7104,CA-2020-147410,2020-09-04,2020-09-09,Standard Processing,,,,,,,,Wednesday,2020-09
7304,US-2020-117450,2020-09-04,2020-09-09,Standard Processing,,,,,,,,Wednesday,2020-09
8386,CA-2020-137582,2020-09-04,2020-09-09,Standard Processing,,,,,,,,Wednesday,2020-09
3488,CA-2020-120705,2020-09-05,2020-09-09,Standard Processing,,,,,,,,Wednesday,2020-09
9327,US-2020-130687,2020-09-07,2020-09-11,Express,,,,,,,,Friday,2020-09
6649,US-2020-124779,2020-09-08,2020-09-11,Express,,,,,,,,Friday,2020-09
8754,CA-2020-152198,2020-09-09,2020-09-11,Express,,,,,,,,Friday,2020-09
1848,CA-2020-128370,2020-09-10,2020-09-11,Express,,,,,,,,Friday,2020-09
3178,CA-2020-122280,2020-09-10,2020-09-11,Express,,,,,,,,Friday,2020-09
5270,CA-2020-144484,2020-09-11,2020-09-11,Express,,,,,,,,Friday,2020-09
6232,US-2020-142188,2020-09-11,2020-09-11,Express,,,,,,,,Friday,2020-09
3561,CA-2020-109757,2020-09-04,2020-09-11,Standard Processing,,,,,,,,Friday,2020-09
4529,CA-2020-152856,2020-09-08,2020-09-11,Standard Processing,,,,,,,,Friday,2020-09
4121,CA-2020-117394,2020-09-04,2020-09-11,Standard Processing,,,,,,,,Friday,2020-09
4297,CA-2020-117261,2020-09-04,2020-09-11,Standard Processing,,,,,,,,Friday,2020-09
4926,CA-2020-126438,2020-09-10,2020-09-14,Express,,,,,,,,Monday,2020-09
5370,CA-2020-147403,2020-09-10,2020-09-14,Express,,,,,,,,Monday,2020-09
553,CA-2020-112774,2020-09-11,2020-09-14,Express,,,,,,,,Monday,2020-09
3042,CA-2020-149559,2020-09-11,2020-09-14,Express,,,,,,,,Monday,2020-09
4430,CA-2020-147725,2020-09-14,2020-09-14,Express,,,,,,,,Monday,2020-09
8197,CA-2020-102736,2020-09-05,2020-09-14,Standard Processing,,,,,,,,Monday,2020-09
533,US-2020-129441,2020-09-07,2020-09-14,Standard Processing,,,,,,,,Monday,2020-09
2569,CA-2020-148929,2020-09-07,2020-09-14,Standard Processing,,,,,,,,Monday,2020-09
4152,CA-2020-100160,2020-09-07,2020-09-14,Standard Processing,,,,,,,,Monday,2020-09
5280,US-2020-104094,2020-09-07,2020-09-14,Standard Processing,,,,,,,,Monday,2020-09
6005,CA-2020-107244,2020-09-07,2020-09-14,Standard Processing,,,,,,,,Monday,2020-09
6810,CA-2020-156237,2020-09-14,2020-09-16,Express,,,,,,,,Wednesday,2020-09
9579,CA-2020-152975,2020-09-14,2020-09-16,Express,,,,,,,,Wednesday,2020-09
1714,US-2020-124968,2020-09-08,2020-09-16,Standard Processing,,,,,,,,Wednesday,2020-09
5768,CA-2020-126396,2020-09-08,2020-09-16,Standard Processing,,,,,,,,Wednesday,2020-09
8620,CA-2020-132437,2020-09-08,2020-09-16,Standard Processing,,,,,,,,Wednesday,2020-09
5579,CA-2020-137498,2020-09-09,2020-09-16,Standard Processing,,,,,,,,Wednesday,2020-09
1959,CA-2020-110905,2020-09-10,2020-09-16,Standard Processing,,,,,,,,Wednesday,2020-09
4368,CA-2020-117044,2020-09-11,2020-09-16,Standard Processing,,,,,,,,Wednesday,2020-09
9081,CA-2020-166898,2020-09-11,2020-09-16,Standard Processing,,,,,,,,Wednesday,2020-09
9333,CA-2020-127726,2020-09-11,2020-09-16,Standard Processing,,,,,,,,Wednesday,2020-09
5225,US-2020-109582,2020-09-12,2020-09-16,Standard Processing,,,,,,,,Wednesday,2020-09
2099,CA-2020-124401,2020-09-07,2020-09-16,Standard Processing,,,,,,,,Wednesday,2020-09
3358,CA-2020-100335,2020-09-07,2020-09-16,Standard Processing,,,,,,,,Wednesday,2020-09
3567,CA-2020-103877,2020-09-07,2020-09-16,Standard Processing,,,,,,,,Wednesday,2020-09
8125,US-2020-150070,2020-09-07,2020-09-16,Standard Processing,,,,,,,,Wednesday,2020-09
8211,CA-2020-128769,2020-09-07,2020-09-16,Standard Processing,,,,,,,,Wednesday,2020-09
3127,CA-2020-149895,2020-09-08,2020-09-16,Standard Processing,,,,,,,,Wednesday,2020-09
3657,CA-2020-158036,2020-09-08,2020-09-16,Standard Processing,,,,,,,,Wednesday,2020-09
1213,US-2020-118087,2020-09-09,2020-09-16,Standard Processing,,,,,,,,Wednesday,2020-09
2400,CA-2020-147361,2020-09-09,2020-09-16,Standard Processing,,,,,,,,Wednesday,2020-09
4623,CA-2020-147228,2020-09-09,2020-09-16,Standard Processing,,,,,,,,Wednesday,2020-09
5217,US-2020-159562,2020-09-09,2020-09-16,Standard Processing,,,,,,,,Wednesday,2020-09
5442,CA-2020-155929,2020-09-09,2020-09-16,Standard Processing,,,,,,,,Wednesday,2020-09
5895,CA-2020-100825,2020-09-09,2020-09-16,Standard Processing,,,,,,,,Wednesday,2020-09
6256,CA-2020-139444,2020-09-09,2020-09-16,Standard Processing,,,,,,,,Wednesday,2020-09
7284,CA-2020-169439,2020-09-09,2020-09-16,Standard Processing,,,,,,,,Wednesday,2020-09
7719,US-2020-146213,2020-09-09,2020-09-16,Standard Processing,,,,,,,,Wednesday,2020-09
7876,CA-2020-168403,2020-09-09,2020-09-16,Standard Processing,,,,,,,,Wednesday,2020-09
42,CA-2020-120999,2020-09-10,2020-09-16,Standard Processing,,,,,,,,Wednesday,2020-09
2847,CA-2020-152093,2020-09-10,2020-09-16,Standard Processing,,,,,,,,Wednesday,2020-09
5894,CA-2020-159954,2020-09-10,2020-09-16,Standard Processing,,,,,,,,Wednesday,2020-09
2902,CA-2020-124898,2020-09-11,2020-09-16,Standard Processing,,,,,,,,Wednesday,2020-09
9282,US-2020-152898,2020-09-11,2020-09-16,Standard Processing,,,,,,,,Wednesday,2020-09
1510,CA-2020-103611,2020-09-12,2020-09-18,Express,,,,,,,,Friday,2020-09
2077,CA-2020-140676,2020-09-12,2020-09-18,Express,,,,,,,,Friday,2020-09
5182,CA-2020-108749,2020-09-12,2020-09-18,Express,,,,,,,,Friday,2020-09
8772,CA-2020-115882,2020-09-14,2020-09-18,Express,,,,,,,,Friday,2020-09
903,CA-2020-132353,2020-09-15,2020-09-18,Express,,,,,,,,Friday,2020-09
275,CA-2020-118136,2020-09-16,2020-09-18,Express,,,,,,,,Friday,2020-09
3457,CA-2020-136448,2020-09-16,2020-09-18,Express,,,,,,,,Friday,2020-09
2268,CA-2020-137470,2020-09-17,2020-09-18,Express,,,,,,,,Friday,2020-09
72,CA-2020-114440,2020-09-14,2020-09-18,Standard Processing,,,,,,,,Friday,2020-09
1538,CA-2020-121888,2020-09-15,2020-09-18,Standard Processing,,,,,,,,Friday,2020-09
8045,CA-2020-165008,2020-09-15,2020-09-18,Standard Processing,,,,,,,,Friday,2020-09
8696,CA-2020-127096,2020-09-15,2020-09-18,Standard Processing,,,,,,,,Friday,2020-09
6886,CA-2020-123036,2020-09-10,2020-09-18,Standard Processing,,,,,,,,Friday,2020-09
7493,US-2020-160836,2020-09-11,2020-09-18,Standard Processing,,,,,,,,Friday,2020-09
9726,CA-2020-142293,2020-09-17,2020-09-21,Express,,,,,,,,Monday,2020-09
2823,CA-2020-131016,2020-09-18,2020-09-21,Express,,,,,,,,Monday,2020-09
7732,CA-2020-140508,2020-09-18,2020-09-21,Express,,,,,,,,Monday,2020-09
7791,CA-2020-160801,2020-09-19,2020-09-21,Express,,,,,,,,Monday,2020-09
6222,US-2020-157224,2020-09-14,2020-09-21,Standard Processing,,,,,,,,Monday,2020-09
5984,CA-2020-112984,2020-09-16,2020-09-21,Standard Processing,,,,,,,,Monday,2020-09
9961,CA-2020-141446,2020-09-16,2020-09-21,Standard Processing,,,,,,,,Monday,2020-09
5401,CA-2020-132262,2020-09-21,2020-09-23,Express,,,,,,,,Wednesday,2020-09
7338,CA-2020-165155,2020-09-21,2020-09-23,Express,,,,,,,,Wednesday,2020-09
3849,CA-2020-161053,2020-09-22,2020-09-23,Express,,,,,,,,Wednesday,2020-09
2304,CA-2020-157931,2020-09-17,2020-09-23,Standard Processing,,,,,,,,Wednesday,2020-09
2652,CA-2020-112515,2020-09-17,2020-09-23,Standard Processing,,,,,,,,Wednesday,2020-09
7450,CA-2020-105669,2020-09-17,2020-09-23,Standard Processing,,,,,,,,Wednesday,2020-09
7664,CA-2020-139493,2020-09-13,2020-09-23,Standard Processing,,,,,,,,Wednesday,2020-09
9594,CA-2020-108931,2020-09-14,2020-09-23,Standard Processing,,,,,,,,Wednesday,2020-09
9834,CA-2020-130302,2020-09-14,2020-09-23,Standard Processing,,,,,,,,Wednesday,2020-09
439,CA-2020-130043,2020-09-15,2020-09-23,Standard Processing,,,,,,,,Wednesday,2020-09
627,CA-2020-163020,2020-09-15,2020-09-23,Standard Processing,,,,,,,,Wednesday,2020-09
5991,US-2020-163300,2020-09-15,2020-09-23,Standard Processing,,,,,,,,Wednesday,2020-09
6133,CA-2020-145737,2020-09-15,2020-09-23,Standard Processing,,,,,,,,Wednesday,2020-09
6516,US-2020-116652,2020-09-15,2020-09-23,Standard Processing,,,,,,,,Wednesday,2020-09
6756,CA-2020-124205,2020-09-15,2020-09-23,Standard Processing,,,,,,,,Wednesday,2020-09
6975,CA-2020-146185,2020-09-15,2020-09-23,Standard Processing,,,,,,,,Wednesday,2020-09
7735,CA-2020-134418,2020-09-15,2020-09-23,Standard Processing,,,,,,,,Wednesday,2020-09
7920,CA-2020-139822,2020-09-15,2020-09-23,Standard Processing,,,,,,,,Wednesday,2020-09
726,CA-2020-144113,2020-09-16,2020-09-23,Standard Processing,,,,,,,,Wednesday,2020-09
3034,CA-2020-134173,2020-09-16,2020-09-23,Standard Processing,,,,,,,,Wednesday,2020-09
9337,CA-2020-130715,2020-09-16,2020-09-23,Standard Processing,,,,,,,,Wednesday,2020-09
760,CA-2020-133333,2020-09-18,2020-09-23,Standard Processing,,,,,,,,Wednesday,2020-09
5412,CA-2020-166856,2020-09-18,2020-09-23,Standard Processing,,,,,,,,Wednesday,2020-09
6890,CA-2020-164756,2020-09-18,2020-09-23,Standard Processing,,,,,,,,Wednesday,2020-09
6119,CA-2020-143378,2020-09-19,2020-09-23,Standard Processing,,,,,,,,Wednesday,2020-09
6490,US-2020-148866,2020-09-19,2020-09-23,Standard Processing,,,,,,,,Wednesday,2020-09
6721,CA-2020-102974,2020-09-19,2020-09-23,Standard Processing,,,,,,,,Wednesday,2020-09
6971,CA-2020-153822,2020-09-19,2020-09-23,Standard Processing,,,,,,,,Wednesday,2020-09
5065,CA-2020-122196,2020-09-22,2020-09-25,Express,,,,,,,,Friday,2020-09
9627,CA-2020-103520,2020-09-23,2020-09-25,Express,,,,,,,,Friday,2020-09
5595,CA-2020-160325,2020-09-24,2020-09-25,Express,,,,,,,,Friday,2020-09
8485,CA-2020-142391,2020-09-24,2020-09-25,Express,,,,,,,,Friday,2020-09
5324,CA-2020-134439,2020-09-18,2020-09-25,Standard Processing,,,,,,,,Friday,2020-09
2123,CA-2020-167381,2020-09-22,2020-09-25,Standard Processing,,,,,,,,Friday,2020-09
9408,CA-2020-162789,2020-09-22,2020-09-25,Standard Processing,,,,,,,,Friday,2020-09
8878,CA-2020-126928,2020-09-17,2020-09-25,Standard Processing,,,,,,,,Friday,2020-09
142,CA-2020-106180,2020-09-18,2020-09-25,Standard Processing,,,,,,,,Friday,2020-09
2329,CA-2020-138422,2020-09-23,2020-09-28,Express,,,,,,,,Monday,2020-09
3798,CA-2020-121314,2020-09-23,2020-09-28,Express,,,,,,,,Monday,2020-09
5184,CA-2020-163335,2020-09-24,2020-09-28,Express,,,,,,,,Monday,2020-09
9353,CA-2020-148411,2020-09-24,2020-09-28,Express,,,,,,,,Monday,2020-09
5152,CA-2020-169929,2020-09-25,2020-09-28,Express,,,,,,,,Monday,2020-09
7086,CA-2020-112004,2020-09-25,2020-09-28,Express,,,,,,,,Monday,2020-09
7527,US-2020-106145,2020-09-26,2020-09-28,Express,,,,,,,,Monday,2020-09
5707,CA-2020-136000,2020-09-22,2020-09-28,Standard Processing,,,,,,,,Monday,2020-09
1078,CA-2020-132521,2020-09-23,2020-09-28,Standard Processing,,,,,,,,Monday,2020-09
9253,CA-2020-102309,2020-09-23,2020-09-28,Standard Processing,,,,,,,,Monday,2020-09
3913,CA-2020-148068,2020-09-18,2020-09-28,Standard Processing,,,,,,,,Monday,2020-09
44,CA-2020-139619,2020-09-19,2020-09-28,Standard Processing,,,,,,,,Monday,2020-09
6770,CA-2020-139787,2020-09-19,2020-09-28,Standard Processing,,,,,,,,Monday,2020-09
4263,CA-2020-123351,2020-09-21,2020-09-28,Standard Processing,,,,,,,,Monday,2020-09
4757,CA-2020-169817,2020-09-21,2020-09-28,Standard Processing,,,,,,,,Monday,2020-09
8524,CA-2020-133074,2020-09-21,2020-09-28,Standard Processing,,,,,,,,Monday,2020-09
7763,CA-2020-156391,2020-09-26,2020-09-30,Express,,,,,,,,Wednesday,2020-09
4472,CA-2020-121300,2020-09-29,2020-09-30,Express,,,,,,,,Wednesday,2020-09
1803,CA-2020-158379,2020-09-22,2020-09-30,Standard Processing,,,,,,,,Wednesday,2020-09
634,CA-2020-144694,2020-09-24,2020-09-30,Standard Processing,,,,,,,,Wednesday,2020-09
9694,CA-2020-130148,2020-09-24,2020-09-30,Standard Processing,,,,,,,,Wednesday,2020-09
3143,CA-2020-162572,2020-09-25,2020-09-30,Standard Processing,,,,,,,,Wednesday,2020-09
6091,CA-2020-100111,2020-09-20,2020-09-30,Standard Processing,,,,,,,,Wednesday,2020-09
796,CA-2020-151428,2020-09-21,2020-09-30,Standard Processing,,,,,,,,Wednesday,2020-09
6004,US-2020-146878,2020-09-21,2020-09-30,Standard Processing,,,,,,,,Wednesday,2020-09
1784,CA-2020-166317,2020-09-22,2020-09-30,Standard Processing,,,,,,,,Wednesday,2020-09
3211,US-2020-108245,2020-09-22,2020-09-30,Standard Processing,,,,,,,,Wednesday,2020-09
4428,US-2020-103226,2020-09-22,2020-09-30,Standard Processing,,,,,,,,Wednesday,2020-09
5546,CA-2020-102967,2020-09-22,2020-09-30,Standard Processing,,,,,,,,Wednesday,2020-09
7038,CA-2020-161970,2020-09-22,2020-09-30,Standard Processing,,,,,,,,Wednesday,2020-09
9055,CA-2020-117009,2020-09-22,2020-09-30,Standard Processing,,,,,,,,Wednesday,2020-09
1269,CA-2020-121412,2020-09-23,2020-09-30,Standard Processing,,,,,,,,Wednesday,2020-09
1970,CA-2020-117485,2020-09-23,2020-09-30,Standard Processing,,,,,,,,Wednesday,2020-09
3176,US-2020-132059,2020-09-23,2020-09-30,Standard Processing,,,,,,,,Wednesday,2020-09
5415,US-2020-125647,2020-09-23,2020-09-30,Standard Processing,,,,,,,,Wednesday,2020-09
9324,CA-2020-121853,2020-09-23,2020-09-30,Standard Processing,,,,,,,,Wednesday,2020-09
718,CA-2020-108910,2020-09-24,2020-09-30,Standard Processing,,,,,,,,Wednesday,2020-09
3494,CA-2020-142034,2020-09-24,2020-09-30,Standard Processing,,,,,,,,Wednesday,2020-09
3588,CA-2020-121839,2020-09-24,2020-09-30,Standard Processing,,,,,,,,Wednesday,2020-09
6041,CA-2020-122364,2020-09-24,2020-09-30,Standard Processing,,,,,,,,Wednesday,2020-09
7923,CA-2020-134096,2020-09-24,2020-09-30,Standard Processing,,,,,,,,Wednesday,2020-09
8834,US-2020-132675,2020-09-24,2020-09-30,Standard Processing,,,,,,,,Wednesday,2020-09
2035,CA-2020-162481,2020-09-25,2020-09-30,Standard Processing,,,,,,,,Wednesday,2020-09
5715,CA-2020-116939,2020-09-25,2020-09-30,Standard Processing,,,,,,,,Wednesday,2020-09
7871,CA-2020-122112,2020-09-25,2020-09-30,Standard Processing,,,,,,,,Wednesday,2020-09
4460,US-2020-125717,2020-09-28,2020-10-02,Express,,,,,,,,Friday,2020-09
5791,CA-2020-140186,2020-09-29,2020-10-02,Express,,,,,,,,Friday,2020-09
7663,US-2020-141509,2020-09-29,2020-10-02,Express,,,,,,,,Friday,2020-09
8591,CA-2020-126676,2020-09-29,2020-10-02,Express,,,,,,,,Friday,2020-09
9215,US-2020-120908,2020-09-30,2020-10-02,Express,,,,,,,,Friday,2020-09
2214,CA-2020-129378,2020-10-01,2020-10-02,Express,,,,,,,,Friday,2020-10
1069,US-2020-139955,2020-09-28,2020-10-02,Standard Processing,,,,,,,,Friday,2020-09
3372,CA-2020-123778,2020-09-23,2020-10-02,Standard Processing,,,,,,,,Friday,2020-09
362,CA-2020-144904,2020-09-25,2020-10-02,Standard Processing,,,,,,,,Friday,2020-09
5266,CA-2020-147452,2020-09-30,2020-10-05,Express,,,,,,,,Monday,2020-09
3296,CA-2020-113418,2020-10-01,2020-10-05,Express,,,,,,,,Monday,2020-10
5317,US-2020-162558,2020-10-02,2020-10-05,Express,,,,,,,,Monday,2020-10
6694,CA-2020-144225,2020-09-30,2020-10-05,Standard Processing,,,,,,,,Monday,2020-09
9141,CA-2020-123029,2020-09-30,2020-10-05,Standard Processing,,,,,,,,Monday,2020-09
4564,CA-2020-129490,2020-09-26,2020-10-05,Standard Processing,,,,,,,,Monday,2020-09
6321,CA-2020-160017,2020-09-28,2020-10-05,Standard Processing,,,,,,,,Monday,2020-09
7564,CA-2020-157672,2020-10-05,2020-10-07,Express,,,,,,,,Wednesday,2020-10
9872,CA-2020-146269,2020-10-06,2020-10-07,Express,,,,,,,,Wednesday,2020-10
5556,CA-2020-116113,2020-10-02,2020-10-07,Standard Processing,,,,,,,,Wednesday,2020-10
9420,CA-2020-152926,2020-10-02,2020-10-07,Standard Processing,,,,,,,,Wednesday,2020-10
2978,CA-2020-134607,2020-10-03,2020-10-07,Standard Processing,,,,,,,,Wednesday,2020-10
5462,CA-2020-101574,2020-09-28,2020-10-07,Standard Processing,,,,,,,,Wednesday,2020-09
8054,CA-2020-152205,2020-09-28,2020-10-07,Standard Processing,,,,,,,,Wednesday,2020-09
985,CA-2020-100314,2020-09-29,2020-10-07,Standard Processing,,,,,,,,Wednesday,2020-09
4843,CA-2020-118402,2020-09-29,2020-10-07,Standard Processing,,,,,,,,Wednesday,2020-09
5139,CA-2020-128335,2020-09-29,2020-10-07,Standard Processing,,,,,,,,Wednesday,2020-09
6209,CA-2020-148138,2020-09-29,2020-10-07,Standard Processing,,,,,,,,Wednesday,2020-09
9802,CA-2020-137918,2020-09-29,2020-10-07,Standard Processing,,,,,,,,Wednesday,2020-09
9688,US-2020-130603,2020-09-30,2020-10-07,Standard Processing,,,,,,,,Wednesday,2020-09
8992,US-2020-139577,2020-10-01,2020-10-07,Standard Processing,,,,,,,,Wednesday,2020-10
750,CA-2020-126074,2020-10-02,2020-10-07,Standard Processing,,,,,,,,Wednesday,2020-10
3128,CA-2020-147564,2020-10-02,2020-10-07,Standard Processing,,,,,,,,Wednesday,2020-10
7206,CA-2020-137414,2020-10-02,2020-10-07,Standard Processing,,,,,,,,Wednesday,2020-10
3040,CA-2020-101749,2020-10-03,2020-10-07,Standard Processing,,,,,,,,Wednesday,2020-10
4330,CA-2020-149853,2020-10-03,2020-10-07,Standard Processing,,,,,,,,Wednesday,2020-10
1897,CA-2020-141789,2020-10-03,2020-10-09,Express,,,,,,,,Friday,2020-10
6372,CA-2020-143035,2020-10-03,2020-10-09,Standard Processing,,,,,,,,Friday,2020-10
975,US-2020-103247,2020-10-05,2020-10-09,Standard Processing,,,,,,,,Friday,2020-10
429,CA-2020-152275,2020-10-01,2020-10-09,Standard Processing,,,,,,,,Friday,2020-10
567,CA-2020-156951,2020-10-01,2020-10-09,Standard Processing,,,,,,,,Friday,2020-10
3582,CA-2020-117807,2020-10-01,2020-10-09,Standard Processing,,,,,,,,Friday,2020-10
3192,CA-2020-123981,2020-10-02,2020-10-09,Standard Processing,,,,,,,,Friday,2020-10
3978,CA-2020-101308,2020-10-02,2020-10-09,Standard Processing,,,,,,,,Friday,2020-10
4136,CA-2020-105914,2020-10-02,2020-10-09,Standard Processing,,,,,,,,Friday,2020-10
5785,CA-2020-141117,2020-10-02,2020-10-09,Standard Processing,,,,,,,,Friday,2020-10
5888,CA-2020-151596,2020-10-08,2020-10-13,Express,,,,,,,,Tuesday,2020-10
1324,CA-2020-162635,2020-10-09,2020-10-13,Express,,,,,,,,Tuesday,2020-10
2712,CA-2020-132430,2020-10-09,2020-10-13,Express,,,,,,,,Tuesday,2020-10
5259,US-2020-115595,2020-10-09,2020-10-13,Express,,,,,,,,Tuesday,2020-10
2267,CA-2020-149146,2020-10-12,2020-10-13,Express,,,,,,,,Tuesday,2020-10
9487,CA-2020-130505,2020-10-12,2020-10-13,Express,,,,,,,,Tuesday,2020-10
8115,CA-2020-144820,2020-10-03,2020-10-13,Standard Processing,,,,,,,,Tuesday,2020-10
5582,CA-2020-163818,2020-10-04,2020-10-13,Standard Processing,,,,,,,,Tuesday,2020-10
6339,CA-2020-143112,2020-10-05,2020-10-13,Standard Processing,,,,,,,,Tuesday,2020-10
2762,CA-2020-126536,2020-10-12,2020-10-14,Express,,,,,,,,Wednesday,2020-10
9221,CA-2020-103212,2020-10-13,2020-10-14,Express,,,,,,,,Wednesday,2020-10
4917,CA-2020-163125,2020-10-09,2020-10-14,Standard Processing,,,,,,,,Wednesday,2020-10
4835,CA-2020-167661,2020-10-05,2020-10-14,Standard Processing,,,,,,,,Wednesday,2020-10
7956,CA-2020-131807,2020-10-05,2020-10-14,Standard Processing,,,,,,,,Wednesday,2020-10
3051,US-2020-148054,2020-10-06,2020-10-14,Standard Processing,,,,,,,,Wednesday,2020-10
4182,US-2020-136868,2020-10-06,2020-10-14,Standard Processing,,,,,,,,Wednesday,2020-10
5653,CA-2020-109099,2020-10-06,2020-10-14,Standard Processing,,,,,,,,Wednesday,2020-10
8329,CA-2020-118577,2020-10-06,2020-10-14,Standard Processing,,,,,,,,Wednesday,2020-10
9960,CA-2020-137421,2020-10-06,2020-10-14,Standard Processing,,,,,,,,Wednesday,2020-10
1715,CA-2020-104003,2020-10-07,2020-10-14,Standard Processing,,,,,,,,Wednesday,2020-10
2405,CA-2020-108574,2020-10-07,2020-10-14,Standard Processing,,,,,,,,Wednesday,2020-10
3386,CA-2020-148404,2020-10-07,2020-10-14,Standard Processing,,,,,,,,Wednesday,2020-10
4181,CA-2020-128426,2020-10-07,2020-10-14,Standard Processing,,,,,,,,Wednesday,2020-10
5281,CA-2020-152709,2020-10-07,2020-10-14,Standard Processing,,,,,,,,Wednesday,2020-10
8944,CA-2020-111717,2020-10-10,2020-10-14,Standard Processing,,,,,,,,Wednesday,2020-10
7793,CA-2020-169362,2020-10-12,2020-10-16,Express,,,,,,,,Friday,2020-10
9888,CA-2020-169607,2020-10-12,2020-10-16,Express,,,,,,,,Friday,2020-10
3007,CA-2020-116519,2020-10-13,2020-10-16,Express,,,,,,,,Friday,2020-10
4255,CA-2020-163160,2020-10-13,2020-10-16,Express,,,,,,,,Friday,2020-10
9091,US-2020-148831,2020-10-13,2020-10-16,Express,,,,,,,,Friday,2020-10
5941,CA-2020-112431,2020-10-12,2020-10-16,Standard Processing,,,,,,,,Friday,2020-10
5481,CA-2020-105487,2020-10-08,2020-10-16,Standard Processing,,,,,,,,Friday,2020-10
7171,US-2020-168613,2020-10-08,2020-10-16,Standard Processing,,,,,,,,Friday,2020-10
1395,US-2020-117247,2020-10-09,2020-10-16,Standard Processing,,,,,,,,Friday,2020-10
3820,CA-2020-141873,2020-10-09,2020-10-16,Standard Processing,,,,,,,,Friday,2020-10
1752,CA-2020-168837,2020-10-14,2020-10-19,Express,,,,,,,,Monday,2020-10
3711,CA-2020-113670,2020-10-15,2020-10-19,Express,,,,,,,,Monday,2020-10
1597,CA-2020-132234,2020-10-16,2020-10-19,Express,,,,,,,,Monday,2020-10
1046,CA-2020-152702,2020-10-12,2020-10-19,Standard Processing,,,,,,,,Monday,2020-10
8422,CA-2020-150091,2020-10-12,2020-10-19,Standard Processing,,,,,,,,Monday,2020-10
9099,CA-2020-152933,2020-10-12,2020-10-19,Standard Processing,,,,,,,,Monday,2020-10
6347,CA-2020-104822,2020-10-20,2020-10-21,Express,,,,,,,,Wednesday,2020-10
8238,CA-2020-103065,2020-10-20,2020-10-21,Express,,,,,,,,Wednesday,2020-10
1831,CA-2020-145884,2020-10-21,2020-10-21,Express,,,,,,,,Wednesday,2020-10
1329,CA-2020-106033,2020-10-15,2020-10-21,Standard Processing,,,,,,,,Wednesday,2020-10
4261,CA-2020-164819,2020-10-15,2020-10-21,Standard Processing,,,,,,,,Wednesday,2020-10
2417,CA-2020-168655,2020-10-12,2020-10-21,Standard Processing,,,,,,,,Wednesday,2020-10
277,CA-2020-132976,2020-10-13,2020-10-21,Standard Processing,,,,,,,,Wednesday,2020-10
8857,CA-2020-135909,2020-10-13,2020-10-21,Standard Processing,,,,,,,,Wednesday,2020-10
888,CA-2020-150707,2020-10-14,2020-10-21,Standard Processing,,,,,,,,Wednesday,2020-10
5697,CA-2020-126123,2020-10-14,2020-10-21,Standard Processing,,,,,,,,Wednesday,2020-10
7286,CA-2020-151183,2020-10-14,2020-10-21,Standard Processing,,,,,,,,Wednesday,2020-10
6836,CA-2020-142643,2020-10-15,2020-10-21,Standard Processing,,,,,,,,Wednesday,2020-10
7214,CA-2020-154949,2020-10-15,2020-10-21,Standard Processing,,,,,,,,Wednesday,2020-10
7708,CA-2020-100237,2020-10-15,2020-10-21,Standard Processing,,,,,,,,Wednesday,2020-10
1903,CA-2020-167094,2020-10-21,2020-10-23,Express,,,,,,,,Friday,2020-10
4478,CA-2020-130211,2020-10-22,2020-10-23,Express,,,,,,,,Friday,2020-10
396,CA-2020-165603,2020-10-17,2020-10-23,Standard Processing,,,,,,,,Friday,2020-10
3864,CA-2020-123246,2020-10-17,2020-10-23,Standard Processing,,,,,,,,Friday,2020-10
8019,CA-2020-114804,2020-10-17,2020-10-23,Standard Processing,,,,,,,,Friday,2020-10
3189,US-2020-146416,2020-10-20,2020-10-23,Standard Processing,,,,,,,,Friday,2020-10
1554,CA-2020-158386,2020-10-16,2020-10-23,Standard Processing,,,,,,,,Friday,2020-10
5338,CA-2020-111577,2020-10-16,2020-10-23,Standard Processing,,,,,,,,Friday,2020-10
7282,CA-2020-159282,2020-10-16,2020-10-23,Standard Processing,,,,,,,,Friday,2020-10
8993,CA-2020-159100,2020-10-16,2020-10-23,Standard Processing,,,,,,,,Friday,2020-10
1906,CA-2020-154410,2020-10-21,2020-10-26,Express,,,,,,,,Monday,2020-10
2624,CA-2020-127180,2020-10-22,2020-10-26,Express,,,,,,,,Monday,2020-10
8446,CA-2020-125451,2020-10-23,2020-10-26,Express,,,,,,,,Monday,2020-10
35,CA-2020-107727,2020-10-19,2020-10-26,Standard Processing,,,,,,,,Monday,2020-10
423,CA-2020-125388,2020-10-19,2020-10-26,Standard Processing,,,,,,,,Monday,2020-10
4927,CA-2020-117653,2020-10-19,2020-10-26,Standard Processing,,,,,,,,Monday,2020-10
9706,CA-2020-125990,2020-10-19,2020-10-26,Standard Processing,,,,,,,,Monday,2020-10
8678,CA-2020-141705,2020-10-24,2020-10-28,Express,,,,,,,,Wednesday,2020-10
4024,CA-2020-130764,2020-10-27,2020-10-28,Express,,,,,,,,Wednesday,2020-10
3057,CA-2020-131492,2020-10-19,2020-10-28,Standard Processing,,,,,,,,Wednesday,2020-10
4642,CA-2020-130141,2020-10-22,2020-10-28,Standard Processing,,,,,,,,Wednesday,2020-10
1361,CA-2020-125199,2020-10-19,2020-10-28,Standard Processing,,,,,,,,Wednesday,2020-10
1671,CA-2020-159457,2020-10-19,2020-10-28,Standard Processing,,,,,,,,Wednesday,2020-10
2929,US-2020-120390,2020-10-19,2020-10-28,Standard Processing,,,,,,,,Wednesday,2020-10
5175,CA-2020-106432,2020-10-19,2020-10-28,Standard Processing,,,,,,,,Wednesday,2020-10
454,CA-2020-147277,2020-10-20,2020-10-28,Standard Processing,,,,,,,,Wednesday,2020-10
2798,CA-2020-158743,2020-10-20,2020-10-28,Standard Processing,,,,,,,,Wednesday,2020-10
5260,CA-2020-158722,2020-10-20,2020-10-28,Standard Processing,,,,,,,,Wednesday,2020-10
8883,US-2020-115252,2020-10-20,2020-10-28,Standard Processing,,,,,,,,Wednesday,2020-10
527,CA-2020-113558,2020-10-21,2020-10-28,Standard Processing,,,,,,,,Wednesday,2020-10
2159,CA-2020-148166,2020-10-21,2020-10-28,Standard Processing,,,,,,,,Wednesday,2020-10
4047,CA-2020-100356,2020-10-21,2020-10-28,Standard Processing,,,,,,,,Wednesday,2020-10
5431,CA-2020-117422,2020-10-21,2020-10-28,Standard Processing,,,,,,,,Wednesday,2020-10
7350,CA-2020-142125,2020-10-21,2020-10-28,Standard Processing,,,,,,,,Wednesday,2020-10
4295,CA-2020-101581,2020-10-22,2020-10-28,Standard Processing,,,,,,,,Wednesday,2020-10
4516,US-2020-111920,2020-10-22,2020-10-28,Standard Processing,,,,,,,,Wednesday,2020-10
1261,CA-2020-117079,2020-10-23,2020-10-28,Standard Processing,,,,,,,,Wednesday,2020-10
9612,CA-2020-144365,2020-10-24,2020-10-28,Standard Processing,,,,,,,,Wednesday,2020-10
7619,CA-2020-151225,2020-10-27,2020-10-30,Express,,,,,,,,Friday,2020-10
3438,CA-2020-152583,2020-10-30,2020-10-30,Express,,,,,,,,Friday,2020-10
3856,US-2020-105389,2020-10-23,2020-10-30,Standard Processing,,,,,,,,Friday,2020-10
4558,US-2020-117331,2020-10-21,2020-10-30,Standard Processing,,,,,,,,Friday,2020-10
6196,CA-2020-113453,2020-10-21,2020-10-30,Standard Processing,,,,,,,,Friday,2020-10
7263,CA-2020-156363,2020-10-22,2020-10-30,Standard Processing,,,,,,,,Friday,2020-10
2893,CA-2020-139913,2020-10-23,2020-10-30,Standard Processing,,,,,,,,Friday,2020-10
4148,CA-2020-106068,2020-10-23,2020-10-30,Standard Processing,,,,,,,,Friday,2020-10
2280,CA-2020-142622,2020-10-30,2020-11-02,Express,,,,,,,,Monday,2020-10
3547,CA-2020-155292,2020-10-30,2020-11-02,Express,,,,,,,,Monday,2020-10
3253,CA-2020-110373,2020-10-27,2020-11-02,Standard Processing,,,,,,,,Monday,2020-10
7712,CA-2020-139353,2020-10-28,2020-11-02,Standard Processing,,,,,,,,Monday,2020-10
7332,CA-2020-115119,2020-10-26,2020-11-02,Standard Processing,,,,,,,,Monday,2020-10
684,US-2020-168116,2020-11-04,2020-11-04,Express,2020-11-04,2020-11-04,,0.0,0.0,,,Wednesday,2020-11
9224,CA-2020-121160,2020-11-04,2020-11-04,Express,2020-11-04,2020-11-04,,0.0,0.0,,,Wednesday,2020-11
4260,CA-2020-118367,2020-10-28,2020-11-04,Standard Processing,,,,,,,,Wednesday,2020-10
6495,CA-2020-111262,2020-10-28,2020-11-04,Standard Processing,,,,,,,,Wednesday,2020-10
899,CA-2020-160983,2020-10-29,2020-11-04,Standard Processing,,,,,,,,Wednesday,2020-10
87,CA-2020-155558,2020-10-26,2020-11-04,Standard Processing,,,,,,,,Wednesday,2020-10
6664,CA-2020-162173,2020-10-26,2020-11-04,Standard Processing,,,,,,,,Wednesday,2020-10
8808,US-2020-110646,2020-10-26,2020-11-04,Standard Processing,,,,,,,,Wednesday,2020-10
9532,CA-2020-102729,2020-10-26,2020-11-04,Standard Processing,,,,,,,,Wednesday,2020-10
5673,CA-2020-127922,2020-10-27,2020-11-04,Standard Processing,,,,,,,,Wednesday,2020-10
8477,CA-2020-134880,2020-10-27,2020-11-04,Standard Processing,,,,,,,,Wednesday,2020-10
9240,CA-2020-110310,2020-10-27,2020-11-04,Standard Processing,,,,,,,,Wednesday,2020-10
8910,CA-2020-160661,2020-10-28,2020-11-04,Standard Processing,,,,,,,,Wednesday,2020-10
1494,CA-2020-139661,2020-10-30,2020-11-04,Standard Processing,,,,,,,,Wednesday,2020-10
1742,CA-2020-152807,2020-10-30,2020-11-04,Standard Processing,,,,,,,,Wednesday,2020-10
7827,CA-2020-117114,2020-10-31,2020-11-04,Standard Processing,,,,,,,,Wednesday,2020-10
7377,US-2020-145597,2020-11-02,2020-11-06,Express,2020-11-05,2020-11-06,,3.0,1.0,,,Friday,2020-11
8020,CA-2020-167227,2020-11-02,2020-11-06,Express,2020-11-05,2020-11-06,,3.0,1.0,,,Friday,2020-11
7997,US-2020-105998,2020-11-03,2020-11-06,Express,2020-11-05,2020-11-06,,2.0,1.0,,,Friday,2020-11
3799,CA-2020-147760,2020-11-04,2020-11-06,Express,2020-11-05,2020-11-06,,1.0,1.0,,,Friday,2020-11
938,US-2020-111745,2020-11-05,2020-11-06,Express,,,,,,,,Friday,2020-11
5903,US-2020-153948,2020-11-06,2020-11-06,Express,2020-11-06,2020-11-06,,0.0,0.0,,,Friday,2020-11
2567,CA-2020-123967,2020-11-01,2020-11-06,Standard Processing,,,,,,,,Friday,2020-11
8226,CA-2020-104136,2020-11-01,2020-11-06,Standard Processing,2020-11-05,2020-11-06,,4.0,1.0,,,Friday,2020-11
4585,US-2020-163790,2020-11-02,2020-11-06,Standard Processing,2020-11-04,2020-11-06,,2.0,2.0,,,Friday,2020-11
4880,CA-2020-143567,2020-11-02,2020-11-06,Standard Processing,2020-11-05,2020-11-06,,3.0,1.0,,,Friday,2020-11
326,CA-2020-153339,2020-11-03,2020-11-06,Standard Processing,2020-11-05,2020-11-06,,2.0,1.0,,,Friday,2020-11
5249,US-2020-110989,2020-11-03,2020-11-06,Standard Processing,,,,,,,,Friday,2020-11
5424,CA-2020-103009,2020-11-03,2020-11-06,Standard Processing,2020-11-05,2020-11-06,,2.0,1.0,,,Friday,2020-11
1707,CA-2020-123491,2020-10-30,2020-11-06,Standard Processing,,,,,,,,Friday,2020-10
3349,CA-2020-154732,2020-11-05,2020-11-09,Express,2020-11-09,2020-11-09,,4.0,0.0,,,Monday,2020-11
9498,CA-2020-118213,2020-11-05,2020-11-09,Express,,,,,,,,Monday,2020-11
9493,CA-2020-163188,2020-11-07,2020-11-09,Express,2020-11-09,2020-11-09,,2.0,0.0,,,Monday,2020-11
6258,CA-2020-141425,2020-11-02,2020-11-09,Standard Processing,,,,,,,,Monday,2020-11
8048,CA-2020-130834,2020-11-03,2020-11-09,Standard Processing,2020-11-06,2020-11-09,,3.0,3.0,,,Monday,2020-11
1660,CA-2020-127285,2020-10-30,2020-11-09,Standard Processing,,,,,,,,Monday,2020-10
6398,CA-2020-131632,2020-10-31,2020-11-09,Standard Processing,,,,,,,,Monday,2020-10
2890,CA-2020-164049,2020-11-02,2020-11-09,Standard Processing,,,,,,,,Monday,2020-11
3275,CA-2020-116358,2020-11-02,2020-11-09,Standard Processing,,,,,,,,Monday,2020-11
5503,CA-2020-127782,2020-11-02,2020-11-09,Standard Processing,2020-11-06,2020-11-09,,4.0,3.0,,,Monday,2020-11
9083,CA-2020-169005,2020-11-02,2020-11-09,Standard Processing,,,,,,,,Monday,2020-11
2122,CA-2020-158246,2020-11-09,2020-11-12,Express,,,,,,,,Thursday,2020-11
1364,US-2020-155425,2020-11-10,2020-11-12,Express,2020-11-11,2020-11-12,,1.0,1.0,,,Thursday,2020-11
6962,CA-2020-162096,2020-11-10,2020-11-12,Express,2020-11-10,2020-11-12,,0.0,2.0,,,Thursday,2020-11
8399,CA-2020-120061,2020-11-02,2020-11-12,Standard Processing,,,,,,,,Thursday,2020-11
3462,CA-2020-114258,2020-11-05,2020-11-12,Standard Processing,2020-11-10,2020-11-12,,5.0,2.0,,,Thursday,2020-11
9467,CA-2020-102925,2020-11-05,2020-11-12,Standard Processing,2020-11-10,2020-11-12,,5.0,2.0,,,Thursday,2020-11
2969,CA-2020-167941,2020-11-06,2020-11-12,Standard Processing,2020-11-09,2020-11-12,,3.0,3.0,,,Thursday,2020-11
3046,CA-2020-125290,2020-11-06,2020-11-12,Standard Processing,2020-11-10,2020-11-12,,4.0,2.0,,,Thursday,2020-11
8621,US-2020-119319,2020-11-06,2020-11-12,Standard Processing,,,,,,,,Thursday,2020-11
2074,CA-2020-122504,2020-11-07,2020-11-12,Standard Processing,2020-11-09,2020-11-12,,2.0,3.0,,,Thursday,2020-11
5648,CA-2020-168179,2020-11-02,2020-11-12,Standard Processing,,,,,,,,Thursday,2020-11
6823,US-2020-115609,2020-11-02,2020-11-12,Standard Processing,,,,,,,,Thursday,2020-11
415,CA-2020-142636,2020-11-03,2020-11-12,Standard Processing,2020-11-09,2020-11-12,,6.0,3.0,,,Thursday,2020-11
762,CA-2020-126046,2020-11-03,2020-11-12,Standard Processing,,,,,,,,Thursday,2020-11
2803,CA-2020-143329,2020-11-03,2020-11-12,Standard Processing,,,,,,,,Thursday,2020-11
2907,CA-2020-121615,2020-11-03,2020-11-12,Standard Processing,2020-11-09,2020-11-12,,6.0,3.0,,,Thursday,2020-11
4264,CA-2020-110429,2020-11-03,2020-11-12,Standard Processing,,,,,,,,Thursday,2020-11
5700,CA-2020-148320,2020-11-03,2020-11-12,Standard Processing,,,,,,,,Thursday,2020-11
6352,CA-2020-161130,2020-11-03,2020-11-12,Standard Processing,2020-11-09,2020-11-12,,6.0,3.0,,,Thursday,2020-11
7716,US-2020-101518,2020-11-03,2020-11-12,Standard Processing,,,,,,,,Thursday,2020-11
8294,US-2020-168802,2020-11-03,2020-11-12,Standard Processing,2020-11-09,2020-11-12,,6.0,3.0,,,Thursday,2020-11
8305,CA-2020-135419,2020-11-03,2020-11-12,Standard Processing,,,,,,,,Thursday,2020-11
8821,CA-2020-100622,2020-11-03,2020-11-12,Standard Processing,2020-11-09,2020-11-12,,6.0,3.0,,,Thursday,2020-11
8911,CA-2020-102610,2020-11-04,2020-11-12,Standard Processing,2020-11-09,2020-11-12,,5.0,3.0,,,Thursday,2020-11
9606,US-2020-122672,2020-11-04,2020-11-12,Standard Processing,2020-11-09,2020-11-12,,5.0,3.0,,,Thursday,2020-11
9761,CA-2020-159135,2020-11-04,2020-11-12,Standard Processing,2020-11-09,2020-11-12,,5.0,3.0,,,Thursday,2020-11
2308,CA-2020-116225,2020-11-05,2020-11-12,Standard Processing,,,,,,,,Thursday,2020-11
7490,CA-2020-157196,2020-11-05,2020-11-12,Standard Processing,2020-11-09,2020-11-12,,4.0,3.0,,,Thursday,2020-11
419,CA-2020-154816,2020-11-06,2020-11-12,Standard Processing,,,,,,,,Thursday,2020-11
7099,CA-2020-144596,2020-11-06,2020-11-12,Standard Processing,,,,,,,,Thursday,2020-11
2726,CA-2020-149888,2020-11-07,2020-11-12,Standard Processing,,,,,,,,Thursday,2020-11
3559,CA-2020-152737,2020-11-07,2020-11-12,Standard Processing,2020-11-09,2020-11-12,,2.0,3.0,,,Thursday,2020-11
901,CA-2020-150959,2020-11-11,2020-11-13,Express,2020-11-13,2020-11-13,,2.0,0.0,,,Friday,2020-11
8997,US-2020-116491,2020-11-11,2020-11-13,Express,2020-11-13,2020-11-13,,2.0,0.0,,,Friday,2020-11
1866,US-2020-116659,2020-11-12,2020-11-13,Express,2020-11-12,2020-11-13,,0.0,1.0,,,Friday,2020-11
2950,CA-2020-134915,2020-11-12,2020-11-13,Express,2020-11-12,2020-11-13,,0.0,1.0,,,Friday,2020-11
9370,CA-2020-113460,2020-11-07,2020-11-13,Standard Processing,,,,,,,,Friday,2020-11
97,CA-2020-161018,2020-11-09,2020-11-13,Standard Processing,2020-11-11,2020-11-13,,2.0,2.0,,,Friday,2020-11
3182,CA-2020-152912,2020-11-09,2020-11-13,Standard Processing,2020-11-12,2020-11-13,,3.0,1.0,,,Friday,2020-11
5391,CA-2020-163874,2020-11-10,2020-11-13,Standard Processing,2020-11-12,2020-11-13,,2.0,1.0,,,Friday,2020-11
838,US-2020-156083,2020-11-04,2020-11-13,Standard Processing,,,,,,,,Friday,2020-11
1411,CA-2020-105144,2020-11-04,2020-11-13,Standard Processing,,,,,,,,Friday,2020-11
127,US-2020-107272,2020-11-05,2020-11-13,Standard Processing,,,,,,,,Friday,2020-11
96,US-2020-109484,2020-11-06,2020-11-13,Standard Processing,,,,,,,,Friday,2020-11
1229,CA-2020-100013,2020-11-06,2020-11-13,Standard Processing,,,,,,,,Friday,2020-11
3675,CA-2020-154109,2020-11-06,2020-11-13,Standard Processing,2020-11-11,2020-11-13,,5.0,2.0,,,Friday,2020-11
8966,CA-2020-106691,2020-11-06,2020-11-13,Standard Processing,,,,,,,,Friday,2020-11
9482,CA-2020-150504,2020-11-06,2020-11-13,Standard Processing,,,,,,,,Friday,2020-11
7449,CA-2020-115448,2020-11-11,2020-11-16,Express,2020-11-16,2020-11-16,,5.0,0.0,,,Monday,2020-11
4827,US-2020-136707,2020-11-12,2020-11-16,Express,2020-11-16,2020-11-16,,4.0,0.0,,,Monday,2020-11
85,US-2020-119662,2020-11-13,2020-11-16,Express,,,,,,,,Monday,2020-11
2628,US-2020-165344,2020-11-13,2020-11-16,Express,2020-11-16,2020-11-16,,3.0,0.0,,,Monday,2020-11
6747,CA-2020-159156,2020-11-13,2020-11-16,Express,,,,,,,,Monday,2020-11
2139,US-2020-157896,2020-11-16,2020-11-16,Express,2020-11-16,2020-11-16,,0.0,0.0,,,Monday,2020-11
3299,CA-2020-136308,2020-11-16,2020-11-16,Express,2020-11-16,2020-11-16,,0.0,0.0,,,Monday,2020-11
7492,US-2020-118598,2020-11-16,2020-11-16,Express,2020-11-16,2020-11-16,,0.0,0.0,,,Monday,2020-11
198,CA-2020-107720,2020-11-06,2020-11-16,Standard Processing,2020-11-13,2020-11-16,,7.0,3.0,,,Monday,2020-11
8169,CA-2020-107174,2020-11-06,2020-11-16,Standard Processing,2020-11-13,2020-11-16,,7.0,3.0,,,Monday,2020-11
4779,CA-2020-132346,2020-11-07,2020-11-16,Standard Processing,,,,,,,,Monday,2020-11
8331,CA-2020-113572,2020-11-07,2020-11-16,Standard Processing,,,,,,,,Monday,2020-11
7036,CA-2020-119494,2020-11-09,2020-11-16,Standard Processing,,,,,,,,Monday,2020-11
8594,CA-2020-159667,2020-11-09,2020-11-16,Standard Processing,2020-11-13,2020-11-16,,4.0,3.0,,,Monday,2020-11
9006,CA-2020-107825,2020-11-18,2020-11-18,Express,2020-11-18,2020-11-18,,0.0,0.0,,,Wednesday,2020-11
8093,CA-2020-143658,2020-11-08,2020-11-18,Standard Processing,,,,,,,,Wednesday,2020-11
3317,CA-2020-161739,2020-11-10,2020-11-18,Standard Processing,2020-11-16,2020-11-18,,6.0,2.0,,,Wednesday,2020-11
6415,CA-2020-142671,2020-11-10,2020-11-18,Standard Processing,,,,,,,,Wednesday,2020-11
6989,CA-2020-158561,2020-11-11,2020-11-18,Standard Processing,,,,,,,,Wednesday,2020-11
7468,CA-2020-148985,2020-11-11,2020-11-18,Standard Processing,2020-11-16,2020-11-18,,5.0,2.0,,,Wednesday,2020-11
9261,CA-2020-167976,2020-11-11,2020-11-18,Standard Processing,,,,,,,,Wednesday,2020-11
506,CA-2020-134978,2020-11-12,2020-11-18,Standard Processing,,,,,,,,Wednesday,2020-11
6213,CA-2020-149944,2020-11-12,2020-11-18,Standard Processing,2020-11-16,2020-11-18,,4.0,2.0,,,Wednesday,2020-11
9639,US-2020-125808,2020-11-12,2020-11-18,Standard Processing,2020-11-16,2020-11-18,,4.0,2.0,,,Wednesday,2020-11
9720,CA-2020-166835,2020-11-12,2020-11-18,Standard Processing,,,,,,,,Wednesday,2020-11
3783,CA-2020-165204,2020-11-13,2020-11-18,Standard Processing,,,,,,,,Wednesday,2020-11
7758,CA-2020-112844,2020-11-13,2020-11-18,Standard Processing,,,,,,,,Wednesday,2020-11
8612,CA-2020-123624,2020-11-13,2020-11-18,Standard Processing,2020-11-17,2020-11-18,,4.0,1.0,,,Wednesday,2020-11
8432,CA-2020-155621,2020-11-08,2020-11-18,Standard Processing,2020-11-16,2020-11-18,,8.0,2.0,,,Wednesday,2020-11
2420,CA-2020-159597,2020-11-09,2020-11-18,Standard Processing,2020-11-16,2020-11-18,,7.0,2.0,,,Wednesday,2020-11
4611,US-2020-141852,2020-11-09,2020-11-18,Standard Processing,2020-11-16,2020-11-18,,7.0,2.0,,,Wednesday,2020-11
3218,CA-2020-104640,2020-11-10,2020-11-18,Standard Processing,2020-11-16,2020-11-18,,6.0,2.0,,,Wednesday,2020-11
7326,US-2020-128447,2020-11-10,2020-11-18,Standard Processing,,,,,,,,Wednesday,2020-11
7352,CA-2020-141138,2020-11-10,2020-11-18,Standard Processing,2020-11-16,2020-11-18,,6.0,2.0,,,Wednesday,2020-11
8530,CA-2020-137624,2020-11-10,2020-11-18,Standard Processing,,,,,,,,Wednesday,2020-11
2836,CA-2020-110842,2020-11-11,2020-11-18,Standard Processing,2020-11-16,2020-11-18,,5.0,2.0,,,Wednesday,2020-11
4227,CA-2020-120327,2020-11-11,2020-11-18,Standard Processing,,,,,,,,Wednesday,2020-11
5079,CA-2020-143217,2020-11-11,2020-11-18,Standard Processing,,,,,,,,Wednesday,2020-11
5117,CA-2020-154137,2020-11-11,2020-11-18,Standard Processing,2020-11-17,2020-11-18,,6.0,1.0,,,Wednesday,2020-11
237,CA-2020-160514,2020-11-12,2020-11-18,Standard Processing,2020-11-16,2020-11-18,,4.0,2.0,,,Wednesday,2020-11
3472,CA-2020-122644,2020-11-12,2020-11-18,Standard Processing,2020-11-17,2020-11-18,,5.0,1.0,,,Wednesday,2020-11
4741,CA-2020-164364,2020-11-12,2020-11-18,Standard Processing,2020-11-16,2020-11-18,,4.0,2.0,,,Wednesday,2020-11
7769,CA-2020-154088,2020-11-12,2020-11-18,Standard Processing,,,,,,,,Wednesday,2020-11
8429,US-2020-132220,2020-11-12,2020-11-18,Standard Processing,2020-11-16,2020-11-18,,4.0,2.0,,,Wednesday,2020-11
961,CA-2020-152142,2020-11-14,2020-11-18,Standard Processing,2020-11-16,2020-11-18,,2.0,2.0,,,Wednesday,2020-11
1073,CA-2020-106943,2020-11-14,2020-11-18,Standard Processing,,,,,,,,Wednesday,2020-11
9732,CA-2020-124261,2020-11-14,2020-11-18,Standard Processing,,,,,,,,Wednesday,2020-11
9218,US-2020-118157,2020-11-14,2020-11-20,Express,2020-11-19,2020-11-20,,5.0,1.0,,,Friday,2020-11
6541,US-2020-107888,2020-11-16,2020-11-20,Express,,,,,,,,Friday,2020-11
2846,CA-2020-138163,2020-11-17,2020-11-20,Express,2020-11-20,2020-11-20,,3.0,0.0,,,Friday,2020-11
1479,CA-2020-121468,2020-11-19,2020-11-20,Express,2020-11-20,2020-11-20,,1.0,0.0,,,Friday,2020-11
6950,CA-2020-143021,2020-11-19,2020-11-20,Express,,,,,,,,Friday,2020-11
1551,US-2020-124926,2020-11-13,2020-11-20,Standard Processing,2020-11-18,2020-11-20,,5.0,2.0,,,Friday,2020-11
3700,CA-2020-160416,2020-11-13,2020-11-20,Standard Processing,2020-11-18,2020-11-20,,5.0,2.0,,,Friday,2020-11
5441,US-2020-153633,2020-11-13,2020-11-20,Standard Processing,2020-11-18,2020-11-20,,5.0,2.0,,,Friday,2020-11
615,CA-2020-138611,2020-11-14,2020-11-20,Standard Processing,,,,,,,,Friday,2020-11
8875,CA-2020-142489,2020-11-14,2020-11-20,Standard Processing,,,,,,,,Friday,2020-11
2775,CA-2020-143455,2020-11-11,2020-11-20,Standard Processing,,,,,,,,Friday,2020-11
3175,CA-2020-157483,2020-11-11,2020-11-20,Standard Processing,,,,,,,,Friday,2020-11
1500,CA-2020-130386,2020-11-12,2020-11-20,Standard Processing,2020-11-18,2020-11-20,,6.0,2.0,,,Friday,2020-11
3135,CA-2020-164168,2020-11-12,2020-11-20,Standard Processing,2020-11-18,2020-11-20,,6.0,2.0,,,Friday,2020-11
4866,CA-2020-122490,2020-11-13,2020-11-20,Standard Processing,2020-11-18,2020-11-20,,5.0,2.0,,,Friday,2020-11
5805,CA-2020-113873,2020-11-13,2020-11-20,Standard Processing,2020-11-19,2020-11-20,,6.0,1.0,,,Friday,2020-11
8320,CA-2020-133620,2020-11-13,2020-11-20,Standard Processing,2020-11-18,2020-11-20,,5.0,2.0,,,Friday,2020-11
9672,US-2020-140312,2020-11-13,2020-11-20,Standard Processing,,,,,,,,Friday,2020-11
1653,US-2020-132444,2020-11-18,2020-11-23,Express,2020-11-23,2020-11-23,,5.0,0.0,,,Monday,2020-11
547,CA-2020-162929,2020-11-19,2020-11-23,Express,2020-11-23,2020-11-23,,4.0,0.0,,,Monday,2020-11
3615,CA-2020-112529,2020-11-19,2020-11-23,Express,2020-11-23,2020-11-23,,4.0,0.0,,,Monday,2020-11
5309,CA-2020-131254,2020-11-19,2020-11-23,Express,2020-11-23,2020-11-23,,4.0,0.0,,,Monday,2020-11
1039,CA-2020-121818,2020-11-20,2020-11-23,Express,2020-11-23,2020-11-23,,3.0,0.0,,,Monday,2020-11
4389,CA-2020-111556,2020-11-20,2020-11-23,Express,2020-11-23,2020-11-23,,3.0,0.0,,,Monday,2020-11
9039,CA-2020-157420,2020-11-21,2020-11-23,Express,2020-11-23,2020-11-23,,2.0,0.0,,,Monday,2020-11
8686,CA-2020-137323,2020-11-14,2020-11-23,Standard Processing,,,,,,,,Monday,2020-11
8716,CA-2020-121678,2020-11-16,2020-11-23,Standard Processing,,,,,,,,Monday,2020-11
8554,US-2020-102904,2020-11-13,2020-11-23,Standard Processing,2020-11-20,2020-11-23,,7.0,3.0,,,Monday,2020-11
5190,US-2020-136679,2020-11-14,2020-11-23,Standard Processing,,,,,,,,Monday,2020-11
4172,CA-2020-100601,2020-11-16,2020-11-23,Standard Processing,,,,,,,,Monday,2020-11
9666,CA-2020-157448,2020-11-16,2020-11-23,Standard Processing,2020-11-20,2020-11-23,,4.0,3.0,,,Monday,2020-11
3381,CA-2020-103156,2020-11-23,2020-11-25,Express,,,,,,,,Wednesday,2020-11
8428,CA-2020-167017,2020-11-23,2020-11-25,Express,,,,,,,,Wednesday,2020-11
8117,CA-2020-105543,2020-11-24,2020-11-25,Express,2020-11-24,2020-11-25,,0.0,1.0,,,Wednesday,2020-11
9123,CA-2020-162250,2020-11-24,2020-11-25,Express,2020-11-24,2020-11-25,,0.0,1.0,,,Wednesday,2020-11
9746,CA-2020-137505,2020-11-24,2020-11-25,Express,2020-11-24,2020-11-25,,0.0,1.0,,,Wednesday,2020-11
5038,CA-2020-141719,2020-11-17,2020-11-25,Standard Processing,,,,,,,,Wednesday,2020-11
6505,CA-2020-128265,2020-11-17,2020-11-25,Standard Processing,,,,,,,,Wednesday,2020-11
9294,US-2020-116505,2020-11-17,2020-11-25,Standard Processing,,,,,,,,Wednesday,2020-11
7962,CA-2020-104864,2020-11-18,2020-11-25,Standard Processing,2020-11-23,2020-11-25,,5.0,2.0,,,Wednesday,2020-11
1598,CA-2020-158876,2020-11-19,2020-11-25,Standard Processing,,,,,,,,Wednesday,2020-11
5925,CA-2020-146458,2020-11-19,2020-11-25,Standard Processing,,,,,,,,Wednesday,2020-11
560,CA-2020-118731,2020-11-20,2020-11-25,Standard Processing,,,,,,,,Wednesday,2020-11
7927,CA-2020-120404,2020-11-20,2020-11-25,Standard Processing,2020-11-24,2020-11-25,,4.0,1.0,,,Wednesday,2020-11
4075,CA-2020-108112,2020-11-15,2020-11-25,Standard Processing,2020-11-23,2020-11-25,,8.0,2.0,,,Wednesday,2020-11
2874,CA-2020-137022,2020-11-16,2020-11-25,Standard Processing,2020-11-23,2020-11-25,,7.0,2.0,,,Wednesday,2020-11
4776,CA-2020-108091,2020-11-16,2020-11-25,Standard Processing,,,,,,,,Wednesday,2020-11
5269,US-2020-114657,2020-11-16,2020-11-25,Standard Processing,2020-11-23,2020-11-25,,7.0,2.0,,,Wednesday,2020-11
7589,CA-2020-122945,2020-11-16,2020-11-25,Standard Processing,,,,,,,,Wednesday,2020-11
9618,CA-2020-160633,2020-11-16,2020-11-25,Standard Processing,,,,,,,,Wednesday,2020-11
2287,CA-2020-165687,2020-11-17,2020-11-25,Standard Processing,2020-11-23,2020-11-25,,6.0,2.0,,,Wednesday,2020-11
3024,CA-2020-124674,2020-11-17,2020-11-25,Standard Processing,2020-11-23,2020-11-25,,6.0,2.0,,,Wednesday,2020-11
4191,CA-2020-166709,2020-11-17,2020-11-25,Standard Processing,,,,,,,,Wednesday,2020-11
7120,CA-2020-118122,2020-11-17,2020-11-25,Standard Processing,2020-11-24,2020-11-25,,7.0,1.0,,,Wednesday,2020-11
7318,CA-2020-158120,2020-11-17,2020-11-25,Standard Processing,,,,,,,,Wednesday,2020-11
7756,CA-2020-100902,2020-11-17,2020-11-25,Standard Processing,,,,,,,,Wednesday,2020-11
8191,US-2020-155866,2020-11-17,2020-11-25,Standard Processing,2020-11-23,2020-11-25,,6.0,2.0,,,Wednesday,2020-11
9988,CA-2020-163629,2020-11-17,2020-11-25,Standard Processing,,,,,,,,Wednesday,2020-11
2044,US-2020-158946,2020-11-18,2020-11-25,Standard Processing,,,,,,,,Wednesday,2020-11
2930,CA-2020-143434,2020-11-18,2020-11-25,Standard Processing,,,,,,,,Wednesday,2020-11
3946,CA-2020-167871,2020-11-18,2020-11-25,Standard Processing,,,,,,,,Wednesday,2020-11
5750,CA-2020-104913,2020-11-18,2020-11-25,Standard Processing,,,,,,,,Wednesday,2020-11
8110,CA-2020-160122,2020-11-18,2020-11-25,Standard Processing,2020-11-23,2020-11-25,,5.0,2.0,,,Wednesday,2020-11
304,US-2020-152380,2020-11-19,2020-11-25,Standard Processing,,,,,,,,Wednesday,2020-11
2552,CA-2020-101042,2020-11-19,2020-11-25,Standard Processing,,,,,,,,Wednesday,2020-11
2944,CA-2020-126242,2020-11-19,2020-11-25,Standard Processing,2020-11-24,2020-11-25,,5.0,1.0,,,Wednesday,2020-11
3443,CA-2020-168858,2020-11-19,2020-11-25,Standard Processing,,,,,,,,Wednesday,2020-11
4138,CA-2020-110926,2020-11-19,2020-11-25,Standard Processing,,,,,,,,Wednesday,2020-11
4753,CA-2020-103499,2020-11-20,2020-11-25,Standard Processing,2020-11-24,2020-11-25,,4.0,1.0,,,Wednesday,2020-11
4011,CA-2020-100811,2020-11-21,2020-11-27,Express,2020-11-26,2020-11-27,,5.0,1.0,,,Friday,2020-11
8975,CA-2020-156622,2020-11-23,2020-11-27,Express,2020-11-26,2020-11-27,,3.0,1.0,,,Friday,2020-11
4765,CA-2020-123701,2020-11-24,2020-11-27,Express,2020-11-27,2020-11-27,,3.0,0.0,,,Friday,2020-11
511,CA-2020-135307,2020-11-26,2020-11-27,Express,2020-11-27,2020-11-27,,1.0,0.0,,,Friday,2020-11
426,CA-2020-149160,2020-11-23,2020-11-27,Standard Processing,2020-11-26,2020-11-27,,3.0,1.0,,,Friday,2020-11
3554,CA-2020-107832,2020-11-23,2020-11-27,Standard Processing,,,,,,,,Friday,2020-11
2593,CA-2020-128300,2020-11-24,2020-11-27,Standard Processing,,,,,,,,Friday,2020-11
4355,CA-2020-153654,2020-11-24,2020-11-27,Standard Processing,2020-11-26,2020-11-27,,2.0,1.0,,,Friday,2020-11
2151,US-2020-139969,2020-11-19,2020-11-27,Standard Processing,,,,,,,,Friday,2020-11
2172,US-2020-137491,2020-11-19,2020-11-27,Standard Processing,,,,,,,,Friday,2020-11
5594,US-2020-108014,2020-11-19,2020-11-27,Standard Processing,,,,,,,,Friday,2020-11
1813,US-2020-161193,2020-11-20,2020-11-27,Standard Processing,2020-11-26,2020-11-27,,6.0,1.0,,,Friday,2020-11
2072,US-2020-110996,2020-11-20,2020-11-27,Standard Processing,,,,,,,,Friday,2020-11
4841,CA-2020-154123,2020-11-20,2020-11-27,Standard Processing,,,,,,,,Friday,2020-11
3853,CA-2020-130526,2020-11-26,2020-11-30,Express,,,,,,,,Monday,2020-11
914,CA-2020-102519,2020-11-27,2020-11-30,Express,,,,,,,,Monday,2020-11
3070,US-2020-120089,2020-11-30,2020-11-30,Express,,,,,,,,Monday,2020-11
3848,CA-2020-129000,2020-11-25,2020-11-30,Standard Processing,,,,,,,,Monday,2020-11
2782,CA-2020-146724,2020-11-20,2020-11-30,Standard Processing,2020-11-27,2020-11-30,,7.0,3.0,,,Monday,2020-11
1874,CA-2020-142888,2020-11-21,2020-11-30,Standard Processing,,,,,,,,Monday,2020-11
2213,CA-2020-107874,2020-11-21,2020-11-30,Standard Processing,2020-11-27,2020-11-30,,6.0,3.0,,,Monday,2020-11
2243,CA-2020-103380,2020-11-21,2020-11-30,Standard Processing,2020-11-27,2020-11-30,,6.0,3.0,,,Monday,2020-11
6147,CA-2020-105130,2020-11-21,2020-11-30,Standard Processing,2020-11-27,2020-11-30,,6.0,3.0,,,Monday,2020-11
6363,CA-2020-110443,2020-11-21,2020-11-30,Standard Processing,2020-11-27,2020-11-30,,6.0,3.0,,,Monday,2020-11
3723,CA-2020-144036,2020-11-22,2020-11-30,Standard Processing,,,,,,,,Monday,2020-11
4773,CA-2020-119746,2020-11-23,2020-11-30,Standard Processing,2020-11-27,2020-11-30,,4.0,3.0,,,Monday,2020-11
6303,CA-2020-166919,2020-11-23,2020-11-30,Standard Processing,,,,,,,,Monday,2020-11
8801,CA-2020-148992,2020-11-23,2020-11-30,Standard Processing,,,,,,,,Monday,2020-11
8642,CA-2020-147767,2020-12-02,2020-12-02,Express,,,,,,,,Wednesday,2020-12
4349,CA-2020-169894,2020-11-24,2020-12-02,Standard Processing,,,,,,,,Wednesday,2020-11
6319,CA-2020-161459,2020-11-25,2020-12-02,Standard Processing,2020-11-30,2020-12-02,,5.0,2.0,,,Wednesday,2020-11
6979,CA-2020-155159,2020-11-25,2020-12-02,Standard Processing,2020-11-30,2020-12-02,,5.0,2.0,,,Wednesday,2020-11
9463,US-2020-109610,2020-11-25,2020-12-02,Standard Processing,2020-11-30,2020-12-02,,5.0,2.0,,,Wednesday,2020-11
7320,CA-2020-100097,2020-11-26,2020-12-02,Standard Processing,,,,,,,,Wednesday,2020-11
6638,CA-2020-103352,2020-11-27,2020-12-02,Standard Processing,2020-11-30,2020-12-02,,3.0,2.0,,,Wednesday,2020-11
107,CA-2020-119004,2020-11-23,2020-12-02,Standard Processing,2020-11-30,2020-12-02,,7.0,2.0,,,Wednesday,2020-11
554,CA-2020-101945,2020-11-24,2020-12-02,Standard Processing,,,,,,,,Wednesday,2020-11
1492,CA-2020-166436,2020-11-24,2020-12-02,Standard Processing,2020-11-30,2020-12-02,,6.0,2.0,,,Wednesday,2020-11
3590,CA-2020-146535,2020-11-24,2020-12-02,Standard Processing,,,,,,,,Wednesday,2020-11
4467,CA-2020-168641,2020-11-24,2020-12-02,Standard Processing,2020-12-01,2020-12-02,,7.0,1.0,,,Wednesday,2020-11
4870,CA-2020-131366,2020-11-24,2020-12-02,Standard Processing,,,,,,,,Wednesday,2020-11
9217,CA-2020-103765,2020-11-24,2020-12-02,Standard Processing,,,,,,,,Wednesday,2020-11
9265,US-2020-128118,2020-11-24,2020-12-02,Standard Processing,2020-12-01,2020-12-02,,7.0,1.0,,,Wednesday,2020-11
9942,CA-2020-164028,2020-11-24,2020-12-02,Standard Processing,2020-11-30,2020-12-02,,6.0,2.0,,,Wednesday,2020-11
5080,US-2020-133312,2020-11-25,2020-12-02,Standard Processing,2020-11-30,2020-12-02,,5.0,2.0,,,Wednesday,2020-11
8661,CA-2020-124765,2020-11-25,2020-12-02,Standard Processing,2020-11-30,2020-12-02,,5.0,2.0,,,Wednesday,2020-11
8684,CA-2020-101665,2020-11-25,2020-12-02,Standard Processing,,,,,,,,Wednesday,2020-11
8959,CA-2020-150266,2020-11-25,2020-12-02,Standard Processing,2020-11-30,2020-12-02,,5.0,2.0,,,Wednesday,2020-11
1431,CA-2020-122700,2020-11-26,2020-12-02,Standard Processing,2020-11-30,2020-12-02,,4.0,2.0,,,Wednesday,2020-11
1570,CA-2020-165029,2020-11-26,2020-12-02,Standard Processing,2020-11-30,2020-12-02,,4.0,2.0,,,Wednesday,2020-11
3630,CA-2020-155957,2020-11-26,2020-12-02,Standard Processing,,,,,,,,Wednesday,2020-11
5134,CA-2020-155607,2020-11-26,2020-12-02,Standard Processing,2020-11-30,2020-12-02,,4.0,2.0,,,Wednesday,2020-11
7132,CA-2020-141439,2020-11-26,2020-12-02,Standard Processing,2020-12-01,2020-12-02,,5.0,1.0,,,Wednesday,2020-11
4246,CA-2020-117702,2020-11-28,2020-12-02,Standard Processing,2020-11-30,2020-12-02,,2.0,2.0,,,Wednesday,2020-11
1928,CA-2020-121538,2020-11-28,2020-12-04,Express,,,,,,,,Friday,2020-11
6300,CA-2020-107314,2020-11-30,2020-12-04,Express,,,,,,,,Friday,2020-11
9289,US-2020-165456,2020-11-30,2020-12-04,Express,2020-12-03,2020-12-04,,3.0,1.0,,,Friday,2020-11
4140,CA-2020-127313,2020-12-01,2020-12-04,Express,,,,,,,,Friday,2020-12
6205,CA-2020-145660,2020-12-01,2020-12-04,Express,,,,,,,,Friday,2020-12
2349,CA-2020-109701,2020-12-02,2020-12-04,Express,,,,,,,,Friday,2020-12
9727,CA-2020-167395,2020-12-02,2020-12-04,Express,,,,,,,,Friday,2020-12
2675,CA-2020-136875,2020-12-03,2020-12-04,Express,,,,,,,,Friday,2020-12
2977,CA-2020-139773,2020-12-04,2020-12-04,Express,,,,,,,,Friday,2020-12
880,CA-2020-111689,2020-11-30,2020-12-04,Standard Processing,,,,,,,,Friday,2020-11
3779,US-2020-148768,2020-11-30,2020-12-04,Standard Processing,,,,,,,,Friday,2020-11
6936,CA-2020-137365,2020-11-30,2020-12-04,Standard Processing,,,,,,,,Friday,2020-11
259,CA-2020-163139,2020-12-01,2020-12-04,Standard Processing,,,,,,,,Friday,2020-12
1935,CA-2020-101245,2020-11-27,2020-12-04,Standard Processing,,,,,,,,Friday,2020-11
2676,CA-2020-132185,2020-11-27,2020-12-04,Standard Processing,,,,,,,,Friday,2020-11
4949,CA-2020-107125,2020-11-27,2020-12-04,Standard Processing,2020-12-02,2020-12-04,,5.0,2.0,,,Friday,2020-11
5838,CA-2020-133207,2020-11-27,2020-12-04,Standard Processing,,,,,,,,Friday,2020-11
7557,CA-2020-159506,2020-11-27,2020-12-04,Standard Processing,2020-12-02,2020-12-04,,5.0,2.0,,,Friday,2020-11
1753,CA-2020-116715,2020-12-02,2020-12-07,Express,,,,,,,,Monday,2020-12
1895,US-2020-108063,2020-12-02,2020-12-07,Express,,,,,,,,Monday,2020-12
6292,CA-2020-143756,2020-12-02,2020-12-07,Express,,,,,,,,Monday,2020-12
7762,CA-2020-123071,2020-12-03,2020-12-07,Express,,,,,,,,Monday,2020-12
8391,CA-2020-153227,2020-12-04,2020-12-07,Express,,,,,,,,Monday,2020-12
9071,CA-2020-147550,2020-12-04,2020-12-07,Express,,,,,,,,Monday,2020-12
1996,US-2020-147221,2020-12-02,2020-12-07,Standard Processing,,,,,,,,Monday,2020-12
948,US-2020-110576,2020-11-28,2020-12-07,Standard Processing,2020-12-04,2020-12-07,,6.0,3.0,,,Monday,2020-11
2661,CA-2020-123372,2020-11-28,2020-12-07,Standard Processing,,,,,,,,Monday,2020-11
9743,CA-2020-131303,2020-11-28,2020-12-07,Standard Processing,,,,,,,,Monday,2020-11
7390,CA-2020-108035,2020-11-29,2020-12-07,Standard Processing,,,,,,,,Monday,2020-11
956,CA-2020-119305,2020-11-30,2020-12-07,Standard Processing,2020-12-04,2020-12-07,,4.0,3.0,,,Monday,2020-11
1604,CA-2020-116645,2020-11-30,2020-12-07,Standard Processing,,,,,,,,Monday,2020-11
3899,CA-2020-102267,2020-11-30,2020-12-07,Standard Processing,,,,,,,,Monday,2020-11
5585,CA-2020-105333,2020-11-30,2020-12-07,Standard Processing,2020-12-04,2020-12-07,,4.0,3.0,,,Monday,2020-11
9525,CA-2020-156958,2020-12-05,2020-12-09,Express,,,,,,,,Wednesday,2020-12
3900,CA-2020-157980,2020-12-07,2020-12-09,Express,,,,,,,,Wednesday,2020-12
3431,CA-2020-148264,2020-12-08,2020-12-09,Express,,,,,,,,Wednesday,2020-12
3465,CA-2020-128699,2020-12-03,2020-12-09,Standard Processing,,,,,,,,Wednesday,2020-12
4717,CA-2020-143126,2020-12-03,2020-12-09,Standard Processing,,,,,,,,Wednesday,2020-12
7881,CA-2020-118017,2020-12-03,2020-12-09,Standard Processing,,,,,,,,Wednesday,2020-12
7392,CA-2020-160031,2020-12-04,2020-12-09,Standard Processing,,,,,,,,Wednesday,2020-12
5066,CA-2020-142090,2020-11-30,2020-12-09,Standard Processing,2020-12-07,2020-12-09,,7.0,2.0,,,Wednesday,2020-11
207,CA-2020-135860,2020-12-01,2020-12-09,Standard Processing,,,,,,,,Wednesday,2020-12
582,CA-2020-145233,2020-12-01,2020-12-09,Standard Processing,,,,,,,,Wednesday,2020-12
2125,CA-2020-144862,2020-12-01,2020-12-09,Standard Processing,,,,,,,,Wednesday,2020-12
3244,CA-2020-113355,2020-12-01,2020-12-09,Standard Processing,,,,,,,,Wednesday,2020-12
3557,CA-2020-118542,2020-12-01,2020-12-09,Standard Processing,,,,,,,,Wednesday,2020-12
4928,CA-2020-143245,2020-12-01,2020-12-09,Standard Processing,,,,,,,,Wednesday,2020-12
6864,CA-2020-138618,2020-12-01,2020-12-09,Standard Processing,,,,,,,,Wednesday,2020-12
7122,CA-2020-166926,2020-12-01,2020-12-09,Standard Processing,,,,,,,,Wednesday,2020-12
8870,CA-2020-101805,2020-12-01,2020-12-09,Standard Processing,,,,,,,,Wednesday,2020-12
8889,CA-2020-103968,2020-12-01,2020-12-09,Standard Processing,,,,,,,,Wednesday,2020-12
9278,CA-2020-122539,2020-12-01,2020-12-09,Standard Processing,,,,,,,,Wednesday,2020-12
2271,CA-2020-164917,2020-12-02,2020-12-09,Standard Processing,,,,,,,,Wednesday,2020-12
2513,CA-2020-155089,2020-12-02,2020-12-09,Standard Processing,,,,,,,,Wednesday,2020-12
5531,CA-2020-160885,2020-12-02,2020-12-09,Standard Processing,,,,,,,,Wednesday,2020-12
6270,CA-2020-102379,2020-12-02,2020-12-09,Standard Processing,,,,,,,,Wednesday,2020-12
6760,CA-2020-165715,2020-12-02,2020-12-09,Standard Processing,,,,,,,,Wednesday,2020-12
7539,US-2020-112347,2020-12-02,2020-12-09,Standard Processing,,,,,,,,Wednesday,2020-12
8970,CA-2020-157469,2020-12-02,2020-12-09,Standard Processing,,,,,,,,Wednesday,2020-12
7537,CA-2020-103415,2020-12-03,2020-12-09,Standard Processing,,,,,,,,Wednesday,2020-12
2691,CA-2020-156412,2020-12-04,2020-12-09,Standard Processing,,,,,,,,Wednesday,2020-12
6532,US-2020-107384,2020-12-04,2020-12-09,Standard Processing,,,,,,,,Wednesday,2020-12
2235,CA-2020-104066,2020-12-05,2020-12-09,Standard Processing,,,,,,,,Wednesday,2020-12
3179,CA-2020-105235,2020-12-05,2020-12-09,Standard Processing,,,,,,,,Wednesday,2020-12
674,CA-2020-130351,2020-12-05,2020-12-11,Express,,,,,,,,Friday,2020-12
7324,US-2020-126053,2020-12-05,2020-12-11,Express,,,,,,,,Friday,2020-12
566,CA-2020-137099,2020-12-07,2020-12-11,Express,,,,,,,,Friday,2020-12
8739,US-2020-131961,2020-12-08,2020-12-11,Express,,,,,,,,Friday,2020-12
76,US-2020-118038,2020-12-09,2020-12-11,Express,,,,,,,,Friday,2020-12
1509,CA-2020-108294,2020-12-10,2020-12-11,Express,,,,,,,,Friday,2020-12
2336,CA-2020-152695,2020-12-10,2020-12-11,Express,,,,,,,,Friday,2020-12
4358,CA-2020-162565,2020-12-11,2020-12-11,Express,,,,,,,,Friday,2020-12
1925,CA-2020-126865,2020-12-05,2020-12-11,Standard Processing,,,,,,,,Friday,2020-12
9608,CA-2020-117128,2020-12-05,2020-12-11,Standard Processing,,,,,,,,Friday,2020-12
6906,US-2020-149006,2020-12-06,2020-12-11,Standard Processing,,,,,,,,Friday,2020-12
1168,CA-2020-145226,2020-12-08,2020-12-11,Standard Processing,,,,,,,,Friday,2020-12
7821,CA-2020-152436,2020-12-08,2020-12-11,Standard Processing,,,,,,,,Friday,2020-12
4498,CA-2020-155075,2020-12-02,2020-12-11,Standard Processing,,,,,,,,Friday,2020-12
6690,CA-2020-104108,2020-12-02,2020-12-11,Standard Processing,,,,,,,,Friday,2020-12
2463,CA-2020-148691,2020-12-03,2020-12-11,Standard Processing,,,,,,,,Friday,2020-12
4566,US-2020-149510,2020-12-03,2020-12-11,Standard Processing,,,,,,,,Friday,2020-12
5518,CA-2020-117667,2020-12-04,2020-12-11,Standard Processing,,,,,,,,Friday,2020-12
6123,CA-2020-152660,2020-12-04,2020-12-11,Standard Processing,,,,,,,,Friday,2020-12
7293,CA-2020-109183,2020-12-04,2020-12-11,Standard Processing,,,,,,,,Friday,2020-12
8519,CA-2020-118003,2020-12-04,2020-12-11,Standard Processing,,,,,,,,Friday,2020-12
1688,CA-2020-143798,2020-12-10,2020-12-14,Express,,,,,,,,Monday,2020-12
2773,CA-2020-158967,2020-12-10,2020-12-14,Express,,,,,,,,Monday,2020-12
9410,US-2020-110149,2020-12-10,2020-12-14,Express,,,,,,,,Monday,2020-12
6273,CA-2020-149706,2020-12-11,2020-12-14,Express,,,,,,,,Monday,2020-12
6990,CA-2020-165099,2020-12-11,2020-12-14,Express,,,,,,,,Monday,2020-12
9488,US-2020-125213,2020-12-11,2020-12-14,Express,,,,,,,,Monday,2020-12
6192,CA-2020-107986,2020-12-13,2020-12-14,Express,,,,,,,,Monday,2020-12
6713,CA-2020-107629,2020-12-14,2020-12-14,Express,,,,,,,,Monday,2020-12
3651,CA-2020-109960,2020-12-09,2020-12-14,Standard Processing,,,,,,,,Monday,2020-12
7014,CA-2020-141201,2020-12-09,2020-12-14,Standard Processing,,,,,,,,Monday,2020-12
3434,CA-2020-131212,2020-12-05,2020-12-14,Standard Processing,,,,,,,,Monday,2020-12
4319,US-2020-136189,2020-12-07,2020-12-14,Standard Processing,,,,,,,,Monday,2020-12
4953,CA-2020-117926,2020-12-08,2020-12-16,Standard Processing,,,,,,,,Wednesday,2020-12
4291,CA-2020-102407,2020-12-09,2020-12-16,Standard Processing,,,,,,,,Wednesday,2020-12
7515,US-2020-167920,2020-12-09,2020-12-16,Standard Processing,,,,,,,,Wednesday,2020-12
1517,CA-2020-148446,2020-12-10,2020-12-16,Standard Processing,,,,,,,,Wednesday,2020-12
3246,US-2020-140907,2020-12-10,2020-12-16,Standard Processing,,,,,,,,Wednesday,2020-12
3526,CA-2020-148922,2020-12-10,2020-12-16,Standard Processing,,,,,,,,Wednesday,2020-12
4353,CA-2020-107748,2020-12-10,2020-12-16,Standard Processing,,,,,,,,Wednesday,2020-12
9210,CA-2020-142776,2020-12-11,2020-12-16,Standard Processing,,,,,,,,Wednesday,2020-12
3897,CA-2020-134285,2020-12-07,2020-12-16,Standard Processing,,,,,,,,Wednesday,2020-12
4992,US-2020-122714,2020-12-07,2020-12-16,Standard Processing,,,,,,,,Wednesday,2020-12
7855,CA-2020-135587,2020-12-07,2020-12-16,Standard Processing,,,,,,,,Wednesday,2020-12
9769,CA-2020-142328,2020-12-07,2020-12-16,Standard Processing,,,,,,,,Wednesday,2020-12
406,CA-2020-117457,2020-12-08,2020-12-16,Standard Processing,,,,,,,,Wednesday,2020-12
5408,CA-2020-108854,2020-12-08,2020-12-16,Standard Processing,,,,,,,,Wednesday,2020-12
5728,CA-2020-117324,2020-12-08,2020-12-16,Standard Processing,,,,,,,,Wednesday,2020-12
8109,US-2020-167570,2020-12-08,2020-12-16,Standard Processing,,,,,,,,Wednesday,2020-12
206,CA-2020-108329,2020-12-09,2020-12-16,Standard Processing,,,,,,,,Wednesday,2020-12
269,US-2020-145366,2020-12-09,2020-12-16,Standard Processing,,,,,,,,Wednesday,2020-12
1469,CA-2020-139199,2020-12-09,2020-12-16,Standard Processing,,,,,,,,Wednesday,2020-12
1691,CA-2020-129833,2020-12-09,2020-12-16,Standard Processing,,,,,,,,Wednesday,2020-12
3596,CA-2020-148012,2020-12-09,2020-12-16,Standard Processing,,,,,,,,Wednesday,2020-12
4211,CA-2020-109715,2020-12-09,2020-12-16,Standard Processing,,,,,,,,Wednesday,2020-12
6771,CA-2020-139402,2020-12-09,2020-12-16,Standard Processing,,,,,,,,Wednesday,2020-12
8586,US-2020-132927,2020-12-09,2020-12-16,Standard Processing,,,,,,,,Wednesday,2020-12
9768,CA-2020-102659,2020-12-09,2020-12-16,Standard Processing,,,,,,,,Wednesday,2020-12
1318,CA-2020-157651,2020-12-10,2020-12-16,Standard Processing,,,,,,,,Wednesday,2020-12
6909,US-2020-135503,2020-12-10,2020-12-16,Standard Processing,,,,,,,,Wednesday,2020-12
390,CA-2020-101798,2020-12-11,2020-12-16,Standard Processing,,,,,,,,Wednesday,2020-12
6748,CA-2020-100230,2020-12-11,2020-12-16,Standard Processing,,,,,,,,Wednesday,2020-12
5351,US-2020-103814,2020-12-09,2020-12-18,Standard Processing,,,,,,,,Friday,2020-12
1058,CA-2020-167150,2020-12-10,2020-12-18,Standard Processing,,,,,,,,Friday,2020-12
1516,US-2020-160759,2020-12-11,2020-12-18,Standard Processing,,,,,,,,Friday,2020-12
7345,CA-2020-168389,2020-12-11,2020-12-18,Standard Processing,,,,,,,,Friday,2020-12
9968,CA-2020-153871,2020-12-11,2020-12-18,Standard Processing,,,,,,,,Friday,2020-12
1025,CA-2020-106964,2020-12-17,2020-12-21,Express,,,,,,,,Monday,2020-12
2887,CA-2020-102099,2020-12-18,2020-12-21,Express,,,,,,,,Monday,2020-12
7738,CA-2020-108287,2020-12-18,2020-12-21,Express,,,,,,,,Monday,2020-12
4104,CA-2020-137456,2020-12-21,2020-12-21,Express,,,,,,,,Monday,2020-12
6007,CA-2020-129581,2020-12-11,2020-12-21,Standard Processing,,,,,,,,Monday,2020-12
2947,CA-2020-169859,2020-12-14,2020-12-21,Standard Processing,,,,,,,,Monday,2020-12
7698,CA-2020-151799,2020-12-14,2020-12-21,Standard Processing,,,,,,,,Monday,2020-12
3589,CA-2020-158729,2020-12-19,2020-12-23,Express,,,,,,,,Wednesday,2020-12
883,US-2020-123463,2020-12-23,2020-12-23,Express,,,,,,,,Wednesday,2020-12
2963,CA-2020-137428,2020-12-16,2020-12-23,Standard Processing,,,,,,,,Wednesday,2020-12
6552,CA-2020-161578,2020-12-16,2020-12-23,Standard Processing,,,,,,,,Wednesday,2020-12
9045,CA-2020-137463,2020-12-16,2020-12-23,Standard Processing,,,,,,,,Wednesday,2020-12
204,US-2020-116701,2020-12-17,2020-12-23,Standard Processing,,,,,,,,Wednesday,2020-12
1442,CA-2020-128160,2020-12-19,2020-12-23,Standard Processing,,,,,,,,Wednesday,2020-12
8779,CA-2020-135377,2020-12-13,2020-12-23,Standard Processing,,,,,,,,Wednesday,2020-12
9682,CA-2020-122770,2020-12-13,2020-12-23,Standard Processing,,,,,,,,Wednesday,2020-12
3332,CA-2020-122595,2020-12-14,2020-12-23,Standard Processing,,,,,,,,Wednesday,2020-12
5276,CA-2020-147333,2020-12-14,2020-12-23,Standard Processing,,,,,,,,Wednesday,2020-12
6439,US-2020-113992,2020-12-14,2020-12-23,Standard Processing,,,,,,,,Wednesday,2020-12
3982,CA-2020-119564,2020-12-15,2020-12-23,Standard Processing,,,,,,,,Wednesday,2020-12
4860,CA-2020-136063,2020-12-15,2020-12-23,Standard Processing,,,,,,,,Wednesday,2020-12
9699,CA-2020-154116,2020-12-15,2020-12-23,Standard Processing,,,,,,,,Wednesday,2020-12
2974,CA-2020-111808,2020-12-16,2020-12-23,Standard Processing,,,,,,,,Wednesday,2020-12
629,CA-2020-133431,2020-12-17,2020-12-23,Standard Processing,,,,,,,,Wednesday,2020-12
2852,CA-2020-107342,2020-12-17,2020-12-23,Standard Processing,,,,,,,,Wednesday,2020-12
3029,CA-2020-116855,2020-12-17,2020-12-23,Standard Processing,,,,,,,,Wednesday,2020-12
4342,CA-2020-130309,2020-12-17,2020-12-23,Standard Processing,,,,,,,,Wednesday,2020-12
4901,CA-2020-120936,2020-12-17,2020-12-23,Standard Processing,,,,,,,,Wednesday,2020-12
9378,CA-2020-155362,2020-12-17,2020-12-23,Standard Processing,,,,,,,,Wednesday,2020-12
3200,CA-2020-164000,2020-12-18,2020-12-23,Standard Processing,,,,,,,,Wednesday,2020-12
2566,CA-2020-109589,2020-12-21,2020-12-24,Express,,,,,,,,Thursday,2020-12
2056,CA-2020-120376,2020-12-22,2020-12-24,Express,,,,,,,,Thursday,2020-12
2728,CA-2020-119193,2020-12-22,2020-12-24,Express,,,,,,,,Thursday,2020-12
8178,CA-2020-149699,2020-12-22,2020-12-24,Express,,,,,,,,Thursday,2020-12
4620,CA-2020-145219,2020-12-24,2020-12-24,Express,,,,,,,,Thursday,2020-12
1114,CA-2020-140585,2020-12-18,2020-12-24,Standard Processing,,,,,,,,Thursday,2020-12
1893,CA-2020-145310,2020-12-22,2020-12-24,Standard Processing,,,,,,,,Thursday,2020-12
3004,CA-2020-104381,2020-12-16,2020-12-24,Standard Processing,,,,,,,,Thursday,2020-12
7040,CA-2020-103443,2020-12-17,2020-12-24,Standard Processing,,,,,,,,Thursday,2020-12
1249,CA-2020-115602,2020-12-18,2020-12-24,Standard Processing,,,,,,,,Thursday,2020-12
1910,CA-2020-105886,2020-12-18,2020-12-24,Standard Processing,,,,,,,,Thursday,2020-12
8479,CA-2020-158736,2020-12-18,2020-12-24,Standard Processing,,,,,,,,Thursday,2020-12
8845,CA-2020-156664,2020-12-18,2020-12-24,Standard Processing,,,,,,,,Thursday,2020-12
8932,CA-2020-143252,2020-12-18,2020-12-24,Standard Processing,,,,,,,,Thursday,2020-12
7608,CA-2020-121195,2020-12-24,2020-12-28,Express,,,,,,,,Monday,2020-12
8957,CA-2020-105620,2020-12-25,2020-12-28,Express,,,,,,,,Monday,2020-12
5475,CA-2020-121741,2020-12-26,2020-12-28,Express,,,,,,,,Monday,2020-12
2570,CA-2020-134404,2020-12-27,2020-12-28,Express,,,,,,,,Monday,2020-12
7152,CA-2020-142909,2020-12-22,2020-12-28,Standard Processing,,,,,,,,Monday,2020-12
3545,CA-2020-121216,2020-12-23,2020-12-28,Standard Processing,,,,,,,,Monday,2020-12
6997,CA-2020-117443,2020-12-23,2020-12-28,Standard Processing,,,,,,,,Monday,2020-12
5472,CA-2020-116946,2020-12-19,2020-12-28,Standard Processing,,,,,,,,Monday,2020-12
514,CA-2020-163405,2020-12-21,2020-12-28,Standard Processing,,,,,,,,Monday,2020-12
1614,CA-2020-138380,2020-12-21,2020-12-28,Standard Processing,,,,,,,,Monday,2020-12
3171,CA-2020-107461,2020-12-21,2020-12-30,Standard Processing,,,,,,,,Wednesday,2020-12
3102,CA-2020-119578,2020-12-22,2020-12-30,Standard Processing,,,,,,,,Wednesday,2020-12
6853,US-2020-162670,2020-12-23,2020-12-30,Standard Processing,,,,,,,,Wednesday,2020-12
2003,CA-2020-163510,2020-12-25,2020-12-30,Standard Processing,,,,,,,,Wednesday,2020-12
4922,CA-2020-114055,2020-12-25,2020-12-30,Standard Processing,,,,,,,,Wednesday,2020-12
2269,CA-2020-105480,2020-12-20,2020-12-30,Standard Processing,,,,,,,,Wednesday,2020-12
6509,CA-2020-102197,2020-12-20,2020-12-30,Standard Processing,,,,,,,,Wednesday,2020-12
1967,CA-2020-165841,2020-12-21,2020-12-30,Standard Processing,,,,,,,,Wednesday,2020-12
2719,CA-2020-144827,2020-12-21,2020-12-30,Standard Processing,,,,,,,,Wednesday,2020-12
4944,CA-2020-106782,2020-12-21,2020-12-30,Standard Processing,,,,,,,,Wednesday,2020-12
145,CA-2020-155376,2020-12-22,2020-12-30,Standard Processing,,,,,,,,Wednesday,2020-12
2619,CA-2020-115931,2020-12-22,2020-12-30,Standard Processing,,,,,,,,Wednesday,2020-12
6193,CA-2020-104927,2020-12-22,2020-12-30,Standard Processing,,,,,,,,Wednesday,2020-12
7151,CA-2020-100412,2020-12-22,2020-12-30,Standard Processing,,,,,,,,Wednesday,2020-12
8578,CA-2020-146164,2020-12-22,2020-12-30,Standard Processing,,,,,,,,Wednesday,2020-12
8950,CA-2020-150910,2020-12-22,2020-12-30,Standard Processing,,,,,,,,Wednesday,2020-12
2295,CA-2020-127929,2020-12-23,2020-12-30,Standard Processing,,,,,,,,Wednesday,2020-12
6223,CA-2020-140627,2020-12-23,2020-12-30,Standard Processing,,,,,,,,Wednesday,2020-12
405,CA-2020-117933,2020-12-24,2020-12-30,Standard Processing,,,,,,,,Wednesday,2020-12
1507,CA-2020-154935,2020-12-24,2020-12-30,Standard Processing,,,,,,,,Wednesday,2020-12
3315,CA-2020-169978,2020-12-24,2020-12-30,Standard Processing,,,,,,,,Wednesday,2020-12
3701,CA-2020-169411,2020-12-24,2020-12-30,Standard Processing,,,,,,,,Wednesday,2020-12
4030,CA-2020-124296,2020-12-24,2020-12-30,Standard Processing,,,,,,,,Wednesday,2020-12
8947,CA-2020-148355,2020-12-24,2020-12-30,Standard Processing,,,,,,,,Wednesday,2020-12
689,CA-2020-161480,2020-12-25,2020-12-30,Standard Processing,,,,,,,,Wednesday,2020-12
6075,CA-2020-121398,2020-12-25,2020-12-30,Standard Processing,,,,,,,,Wednesday,2020-12
6807,CA-2020-162880,2020-12-25,2020-12-30,Standard Processing,,,,,,,,Wednesday,2020-12
9377,CA-2020-108756,2020-12-25,2020-12-30,Standard Processing,,,,,,,,Wednesday,2020-12
1009,US-2020-106705,2020-12-26,2020-12-30,Standard Processing,,,,,,,,Wednesday,2020-12
8159,CA-2020-136238,2020-12-26,2020-12-30,Standard Processing,,,,,,,,Wednesday,2020-12
6150,CA-2020-101322,2020-12-28,2020-12-30,Express,,,,,,,,Wednesday,2020-12
2875,US-2020-102638,2020-12-29,2020-12-30,Express,,,,,,,,Wednesday,2020-12
6090,US-2020-162068,2020-12-28,2021-01-04,Standard Processing,,,,,,,,Monday,2020-12
8392,CA-2020-110625,2020-12-23,2021-01-04,Standard Processing,,,,,,,,Monday,2020-12
2482,CA-2020-147956,2020-12-24,2021-01-04,Standard Processing,,,,,,,,Monday,2020-12
5148,CA-2020-128734,2020-12-24,2021-01-04,Standard Processing,,,,,,,,Monday,2020-12
8856,CA-2020-163671,2020-12-24,2021-01-04,Standard Processing,,,,,,,,Monday,2020-12
111,CA-2020-146780,2020-12-25,2021-01-04,Standard Processing,,,,,,,,Monday,2020-12
2424,US-2020-147669,2020-12-25,2021-01-04,Standard Processing,,,,,,,,Monday,2020-12
7633,US-2020-158526,2020-12-29,2021-01-04,Standard Processing,,,,,,,,Monday,2020-12
7943,CA-2020-134194,2020-12-25,2021-01-04,Standard Processing,,,,,,,,Monday,2020-12
3786,CA-2020-112487,2020-12-26,2021-01-04,Standard Processing,,,,,,,,Monday,2020-12
954,CA-2020-136539,2020-12-28,2021-01-04,Standard Processing,,,,,,,,Monday,2020-12
6819,CA-2020-163860,2020-12-28,2021-01-04,Standard Processing,,,,,,,,Monday,2020-12
8098,CA-2020-122798,2020-12-28,2021-01-04,Standard Processing,,,,,,,,Monday,2020-12
271,CA-2020-163979,2020-12-28,2021-01-06,Standard Processing,,,,,,,,Wednesday,2020-12
571,CA-2020-164826,2020-12-28,2021-01-06,Standard Processing,,,,,,,,Wednesday,2020-12
2432,CA-2020-129805,2020-12-28,2021-01-06,Standard Processing,,,,,,,,Wednesday,2020-12
4288,CA-2020-127516,2020-12-28,2021-01-06,Standard Processing,,,,,,,,Wednesday,2020-12
7485,CA-2020-135111,2020-12-28,2021-01-06,Standard Processing,,,,,,,,Wednesday,2020-12
1878,CA-2020-118885,2020-12-29,2021-01-06,Standard Processing,,,,,,,,Wednesday,2020-12
4240,CA-2020-158673,2020-12-29,2021-01-06,Standard Processing,,,,,,,,Wednesday,2020-12
5132,CA-2020-146626,2020-12-29,2021-01-06,Standard Processing,,,,,,,,Wednesday,2020-12
5457,CA-2020-130631,2020-12-29,2021-01-06,Standard Processing,,,,,,,,Wednesday,2020-12
646,CA-2020-126221,2020-12-30,2021-01-06,Standard Processing,,,,,,,,Wednesday,2020-12
907,CA-2020-143259,2020-12-30,2021-01-06,Standard Processing,,,,,,,,Wednesday,2020-12
1297,CA-2020-115427,2020-12-30,2021-01-06,Standard Processing,,,,,,,,Wednesday,2020-12
5092,CA-2020-156720,2020-12-30,2021-01-06,Standard Processing,,,,,,,,Wednesday,2020-12
